time;N-cell
1;79
2;65
3;67
4;71
5;75
6;79
7;81
8;84
9;84
10;86
11;87
12;88
13;90
14;92
15;95
16;96
17;98
18;100
19;102
20;104
21;106
22;107
23;109
24;110
25;111
26;112
27;113
28;114
29;115
30;116
31;117
32;117
33;118
34;119
35;120
36;120
37;121
38;121
39;122
40;123
41;123
42;124
43;124
44;125
45;125
46;126
47;126
48;127
49;127
50;127
51;128
52;129
53;129
54;130
55;130
56;130
57;131
58;131
59;132
60;132
61;132
62;132
63;132
64;133
65;133
66;133
67;133
68;133
69;133
70;134
71;134
72;134
73;134
74;134
75;134
76;134
77;134
78;134
79;134
80;134
81;134
82;134
83;135
84;135
85;135
86;135
87;135
88;135
89;135
90;135
91;135
92;135
93;135
94;135
95;136
96;136
97;136
98;136
99;136
100;136
101;136
102;136
103;136
104;136
105;136
106;137
107;137
108;137
109;137
110;137
111;137
112;137
113;137
114;137
115;137
116;137
117;137
118;137
119;137
120;137
121;137
122;137
123;137
124;137
125;137
126;137
127;137
128;137
129;137
130;137
131;138
132;138
133;138
134;138
135;138
136;138
137;138
138;138
139;138
140;138
141;137
142;137
143;138
144;138
145;138
146;138
147;138
148;138
149;138
150;138
151;138
152;138
153;138
154;138
155;138
156;138
157;138
158;138
159;138
160;138
161;138
162;138
163;138
164;138
165;138
166;138
167;138
168;138
169;138
170;138
171;138
172;138
173;138
174;138
175;138
176;138
177;138
178;138
179;138
180;138
181;138
182;138
183;138
184;138
185;138
186;138
187;138
188;138
189;138
190;138
191;138
192;139
193;139
194;139
195;139
196;139
197;139
198;139
199;139
200;139
201;138
202;138
203;138
204;138
205;138
206;138
207;138
208;138
209;138
210;138
211;138
212;138
213;138
214;138
215;138
216;139
217;139
218;139
219;138
220;139
221;139
222;139
223;139
224;139
225;139
226;139
227;139
228;139
229;139
230;139
231;139
232;139
233;139
234;139
235;139
236;139
237;139
238;139
239;139
240;139
241;139
242;139
243;139
244;139
245;139
246;139
247;139
248;139
249;139
250;139
251;139
252;139
253;139
254;139
255;139
256;139
257;139
258;139
259;139
260;139
261;139
262;139
263;139
264;139
265;139
266;139
267;139
268;139
269;139
270;139
271;139
272;139
273;139
274;139
275;139
276;139
277;139
278;139
279;139
280;139
281;139
282;139
283;139
284;139
285;139
286;139
287;139
288;139
289;139
290;139
291;139
292;139
293;139
294;139
295;139
296;139
297;139
298;139
299;139
300;139
301;139
302;139
303;139
304;139
305;139
306;139
307;139
308;139
309;139
310;139
311;139
312;139
313;139
314;139
315;139
316;139
317;139
318;139
319;139
320;139
321;139
322;139
323;139
324;139
325;139
326;139
327;139
328;139
329;139
330;139
331;139
332;139
333;139
334;139
335;139
336;139
337;139
338;139
339;139
340;139
341;139
342;139
343;139
344;139
345;139
346;139
347;139
348;139
349;139
350;139
351;139
352;139
353;139
354;139
355;139
356;139
357;139
358;139
359;139
360;139
361;139
362;139
363;139
364;139
365;139
366;139
367;139
368;139
369;139
370;139
371;139
372;139
373;139
374;139
375;139
376;139
377;139
378;139
379;139
380;139
381;139
382;139
383;139
384;139
385;139
386;139
387;139
388;139
389;139
390;139
391;139
392;139
393;139
394;139
395;139
396;139
397;139
398;139
399;139
400;139
401;139
402;139
403;139
404;139
405;139
406;139
407;139
408;139
409;139
410;139
411;139
412;139
413;139
414;139
415;139
416;139
417;139
418;139
419;139
420;139
421;139
422;139
423;139
424;139
425;139
426;139
427;139
428;139
429;139
430;139
431;139
432;139
433;139
434;139
435;139
436;139
437;139
438;139
439;139
440;139
441;139
442;139
443;139
444;139
445;139
446;139
447;139
448;139
449;139
450;139
451;139
452;139
453;139
454;139
455;139
456;139
457;139
458;139
459;139
460;139
461;139
462;139
463;139
464;139
465;139
466;139
467;139
468;139
469;139
470;139
471;139
472;139
473;139
474;139
475;139
476;139
477;139
478;139
479;139
480;139
481;139
482;139
483;139
484;139
485;139
486;139
487;139
488;139
489;139
490;139
491;139
492;139
493;139
494;139
495;139
496;139
497;139
498;139
499;139
500;139
501;139
502;139
503;139
504;139
505;139
506;139
507;139
508;139
509;139
510;139
511;139
512;139
513;139
514;139
515;139
516;139
517;139
518;139
519;139
520;139
521;139
522;139
523;139
524;139
525;139
526;139
527;139
528;139
529;139
530;139
531;139
532;139
533;139
534;139
535;139
536;139
537;139
538;139
539;139
540;139
541;139
542;139
543;139
544;139
545;139
546;139
547;139
548;139
549;139
550;139
551;140
552;140
553;140
554;140
555;140
556;140
557;140
558;140
559;140
560;140
561;140
562;140
563;140
564;140
565;140
566;140
567;140
568;140
569;140
570;140
571;140
572;140
573;140
574;140
575;140
576;140
577;140
578;140
579;140
580;140
581;140
582;140
583;140
584;140
585;140
586;140
587;140
588;140
589;140
590;140
591;140
592;140
593;140
594;140
595;140
596;140
597;140
598;140
599;140
600;140
601;140
602;140
603;140
604;140
605;140
606;140
607;140
608;140
609;140
610;140
611;140
612;140
613;140
614;140
615;140
616;140
617;140
618;140
619;140
620;140
621;140
622;140
623;140
624;140
625;140
626;140
627;140
628;140
629;140
630;140
631;140
632;140
633;140
634;140
635;140
636;140
637;140
638;140
639;140
640;140
641;140
642;140
643;140
644;140
645;140
646;140
647;140
648;140
649;140
650;140
651;140
652;140
653;140
654;140
655;140
656;140
657;140
658;140
659;140
660;140
661;140
662;140
663;140
664;140
665;140
666;140
667;140
668;140
669;140
670;140
671;140
672;140
673;140
674;140
675;140
676;140
677;140
678;140
679;140
680;140
681;140
682;140
683;140
684;140
685;140
686;140
687;140
688;140
689;140
690;140
691;140
692;140
693;140
694;140
695;140
696;140
697;140
698;140
699;140
700;140
701;140
702;140
703;140
704;140
705;140
706;140
707;140
708;140
709;140
710;140
711;140
712;140
713;140
714;140
715;140
716;140
717;140
718;140
719;140
720;140
721;140
722;140
723;140
724;140
725;140
726;140
727;140
728;140
729;140
730;140
731;140
732;140
733;140
734;140
735;140
736;140
737;140
738;140
739;140
740;140
741;140
742;140
743;140
744;140
745;140
746;140
747;140
748;140
749;140
750;140
751;140
752;140
753;140
754;140
755;140
756;140
757;140
758;140
759;140
760;140
761;140
762;140
763;140
764;140
765;140
766;140
767;140
768;140
769;140
770;140
771;140
772;140
773;140
774;140
775;140
776;140
777;140
778;140
779;140
780;140
781;140
782;140
783;140
784;140
785;140
786;140
787;140
788;140
789;140
790;140
791;140
792;140
793;140
794;140
795;140
796;140
797;140
798;140
799;140
800;140
801;140
802;140
803;140
804;140
805;140
806;140
807;140
808;140
809;140
810;140
811;140
812;140
813;140
814;140
815;140
816;140
817;140
818;140
819;140
820;140
821;140
822;140
823;140
824;140
825;140
826;140
827;140
828;140
829;140
830;140
831;140
832;140
833;140
834;140
835;140
836;140
837;140
838;140
839;140
840;140
841;140
842;140
843;140
844;140
845;140
846;140
847;140
848;140
849;140
850;140
851;140
852;140
853;140
854;140
855;140
856;140
857;140
858;140
859;140
860;140
861;140
862;140
863;140
864;140
865;140
866;140
867;140
868;140
869;140
870;140
871;140
872;140
873;140
874;140
875;140
876;140
877;140
878;140
879;140
880;140
881;140
882;140
883;140
884;140
885;140
886;140
887;140
888;140
889;140
890;140
891;140
892;140
893;140
894;140
895;140
896;140
897;140
898;140
899;140
900;140
901;140
902;140
903;140
904;140
905;140
906;140
907;140
908;140
909;140
910;140
911;140
912;140
913;140
914;140
915;140
916;140
917;140
918;140
919;140
920;140
921;140
922;140
923;140
924;140
925;140
926;140
927;140
928;140
929;140
930;140
931;140
932;140
933;140
934;140
935;140
936;140
937;140
938;140
939;140
940;140
941;140
942;140
943;140
944;140
945;140
946;140
947;140
948;140
949;140
950;140
951;140
952;140
953;140
954;140
955;140
956;140
957;140
958;140
959;140
960;140
961;140
962;140
963;140
964;140
965;140
966;140
967;140
968;140
969;140
970;140
971;140
972;140
973;140
974;140
975;140
976;140
977;140
978;140
979;140
980;140
981;140
982;140
983;140
984;140
985;140
986;140
987;140
988;140
989;140
990;140
991;140
992;140
993;140
994;140
995;140
996;140
997;140
998;140
999;140
1000;140
1001;140
1002;140
1003;140
1004;140
1005;140
1006;140
1007;140
1008;140
1009;140
1010;140
1011;140
1012;140
1013;140
1014;140
1015;140
1016;140
1017;140
1018;140
1019;140
1020;140
1021;140
1022;140
1023;140
1024;140
1025;140
1026;140
1027;141
1028;140
1029;140
1030;140
1031;140
1032;140
1033;140
1034;140
1035;140
1036;140
1037;140
1038;140
1039;140
1040;140
1041;140
1042;140
1043;140
1044;140
1045;140
1046;140
1047;140
1048;140
1049;140
1050;140
1051;140
1052;140
1053;140
1054;140
1055;140
1056;140
1057;140
1058;140
1059;140
1060;140
1061;140
1062;140
1063;140
1064;140
1065;140
1066;140
1067;140
1068;140
1069;140
1070;140
1071;140
1072;141
1073;141
1074;141
1075;141
1076;141
1077;141
1078;141
1079;141
1080;141
1081;141
1082;141
1083;141
1084;141
1085;141
1086;141
1087;141
1088;141
1089;141
1090;141
1091;141
1092;141
1093;141
1094;141
1095;141
1096;141
1097;141
1098;141
1099;141
1100;141
1101;141
1102;141
1103;141
1104;141
1105;141
1106;141
1107;141
1108;141
1109;141
1110;141
1111;141
1112;141
1113;141
1114;141
1115;141
1116;141
1117;141
1118;141
1119;141
1120;141
1121;141
1122;141
1123;141
1124;141
1125;141
1126;141
1127;141
1128;141
1129;141
1130;141
1131;141
1132;141
1133;141
1134;141
1135;141
1136;141
1137;141
1138;141
1139;141
1140;141
1141;141
1142;141
1143;141
1144;141
1145;141
1146;141
1147;141
1148;141
1149;141
1150;141
1151;141
1152;141
1153;141
1154;141
1155;141
1156;141
1157;141
1158;141
1159;141
1160;141
1161;141
1162;141
1163;141
1164;141
1165;141
1166;141
1167;141
1168;141
1169;141
1170;141
1171;141
1172;141
1173;141
1174;141
1175;141
1176;141
1177;141
1178;141
1179;141
1180;141
1181;140
1182;140
1183;140
1184;140
1185;140
1186;140
1187;140
1188;140
1189;140
1190;140
1191;140
1192;140
1193;140
1194;140
1195;140
1196;140
1197;140
1198;140
1199;140
1200;140
1201;140
1202;140
1203;140
1204;140
1205;140
1206;140
1207;140
1208;140
1209;140
1210;140
1211;140
1212;140
1213;140
1214;140
1215;140
1216;140
1217;140
1218;140
1219;140
1220;140
1221;140
1222;140
1223;140
1224;140
1225;140
1226;140
1227;140
1228;140
1229;140
1230;140
1231;140
1232;140
1233;140
1234;140
1235;140
1236;140
1237;140
1238;140
1239;140
1240;140
1241;140
1242;140
1243;140
1244;140
1245;140
1246;140
1247;140
1248;140
1249;140
1250;140
1251;140
1252;140
1253;140
1254;140
1255;140
1256;140
1257;140
1258;140
1259;140
1260;140
1261;140
1262;140
1263;140
1264;140
1265;140
1266;140
1267;140
1268;140
1269;140
1270;140
1271;140
1272;140
1273;140
1274;140
1275;140
1276;140
1277;140
1278;140
1279;140
1280;140
1281;140
1282;140
1283;140
1284;140
1285;140
1286;140
1287;140
1288;140
1289;140
1290;140
1291;140
1292;140
1293;140
1294;140
1295;140
1296;140
1297;140
1298;140
1299;140
1300;140
1301;140
1302;140
1303;140
1304;140
1305;140
1306;140
1307;140
1308;140
1309;140
1310;140
1311;140
1312;140
1313;140
1314;140
1315;140
1316;140
1317;140
1318;140
1319;140
1320;140
1321;140
1322;140
1323;140
1324;140
1325;140
1326;140
1327;140
1328;140
1329;140
1330;140
1331;140
1332;140
1333;140
1334;140
1335;140
1336;140
1337;140
1338;140
1339;140
1340;140
1341;140
1342;140
1343;140
1344;140
1345;140
1346;140
1347;140
1348;140
1349;140
1350;140
1351;140
1352;140
1353;140
1354;140
1355;140
1356;140
1357;141
1358;141
1359;141
1360;141
1361;141
1362;141
1363;141
1364;141
1365;141
1366;141
1367;141
1368;141
1369;141
1370;141
1371;141
1372;141
1373;141
1374;141
1375;141
1376;141
1377;141
1378;141
1379;141
1380;141
1381;141
1382;141
1383;141
1384;141
1385;141
1386;141
1387;141
1388;141
1389;141
1390;140
1391;140
1392;140
1393;140
1394;140
1395;140
1396;140
1397;140
1398;140
1399;140
1400;140
1401;140
1402;140
1403;140
1404;140
1405;140
1406;140
1407;140
1408;140
1409;140
1410;140
1411;140
1412;140
1413;140
1414;140
1415;140
1416;140
1417;140
1418;140
1419;140
1420;140
1421;140
1422;140
1423;140
1424;140
1425;140
1426;140
1427;140
1428;140
1429;140
1430;140
1431;140
1432;140
1433;140
1434;140
1435;140
1436;140
1437;140
1438;140
1439;140
1440;140
1441;140
1442;140
1443;140
1444;140
1445;140
1446;140
1447;140
1448;140
1449;140
1450;140
1451;140
1452;140
1453;140
1454;140
1455;140
1456;140
1457;140
1458;140
1459;140
1460;140
1461;140
1462;140
1463;140
1464;140
1465;140
1466;140
1467;140
1468;140
1469;140
1470;140
1471;140
1472;140
1473;140
1474;140
1475;140
1476;140
1477;140
1478;140
1479;140
1480;140
1481;140
1482;140
1483;140
1484;140
1485;140
1486;140
1487;140
1488;140
1489;140
1490;140
1491;140
1492;140
1493;140
1494;140
1495;140
1496;140
1497;140
1498;140
1499;140
1500;140
1501;140
1502;140
1503;140
1504;140
1505;140
1506;140
1507;140
1508;140
1509;140
1510;140
1511;140
1512;140
1513;140
1514;140
1515;140
1516;140
1517;140
1518;140
1519;140
1520;140
1521;140
1522;140
1523;140
1524;140
1525;140
1526;140
1527;140
1528;140
1529;140
1530;140
1531;140
1532;140
1533;140
1534;140
1535;140
1536;140
1537;140
1538;140
1539;140
1540;140
1541;140
1542;140
1543;140
1544;140
1545;140
1546;140
1547;140
1548;140
1549;140
1550;140
1551;140
1552;140
1553;140
1554;140
1555;140
1556;140
1557;140
1558;140
1559;140
1560;140
1561;140
1562;140
1563;140
1564;140
1565;140
1566;140
1567;140
1568;140
1569;140
1570;140
1571;140
1572;140
1573;140
1574;140
1575;140
1576;140
1577;140
1578;140
1579;140
1580;140
1581;140
1582;140
1583;140
1584;140
1585;140
1586;140
1587;140
1588;140
1589;140
1590;140
1591;140
1592;140
1593;140
1594;140
1595;140
1596;140
1597;140
1598;140
1599;140
1600;140
1601;140
1602;140
1603;140
1604;140
1605;140
1606;140
1607;140
1608;140
1609;140
1610;140
1611;140
1612;140
1613;140
1614;140
1615;140
1616;140
1617;140
1618;140
1619;140
1620;140
1621;140
1622;140
1623;140
1624;140
1625;140
1626;140
1627;140
1628;140
1629;140
1630;140
1631;140
1632;140
1633;140
1634;140
1635;140
1636;140
1637;140
1638;140
1639;140
1640;140
1641;140
1642;140
1643;140
1644;140
1645;140
1646;140
1647;140
1648;140
1649;140
1650;140
1651;140
1652;140
1653;140
1654;140
1655;140
1656;140
1657;140
1658;140
1659;140
1660;140
1661;140
1662;140
1663;140
1664;140
1665;140
1666;140
1667;140
1668;140
1669;140
1670;140
1671;140
1672;140
1673;140
1674;140
1675;140
1676;140
1677;140
1678;140
1679;140
1680;140
1681;140
1682;140
1683;140
1684;140
1685;140
1686;140
1687;140
1688;140
1689;140
1690;140
1691;140
1692;140
1693;140
1694;140
1695;140
1696;140
1697;140
1698;140
1699;140
1700;140
1701;140
1702;140
1703;140
1704;140
1705;140
1706;140
1707;140
1708;140
1709;140
1710;140
1711;140
1712;140
1713;140
1714;140
1715;140
1716;140
1717;140
1718;140
1719;140
1720;140
1721;140
1722;140
1723;140
1724;140
1725;140
1726;140
1727;140
1728;140
1729;140
1730;140
1731;140
1732;140
1733;140
1734;140
1735;140
1736;140
1737;140
1738;140
1739;140
1740;140
1741;140
1742;140
1743;140
1744;140
1745;140
1746;140
1747;140
1748;140
1749;140
1750;140
1751;140
1752;140
1753;140
1754;140
1755;140
1756;140
1757;140
1758;140
1759;140
1760;140
1761;140
1762;140
1763;140
1764;140
1765;140
1766;140
1767;140
1768;140
1769;140
1770;140
1771;140
1772;140
1773;140
1774;140
1775;140
1776;140
1777;140
1778;140
1779;140
1780;140
1781;140
1782;140
1783;140
1784;140
1785;140
1786;140
1787;140
1788;140
1789;140
1790;140
1791;140
1792;140
1793;140
1794;140
1795;140
1796;140
1797;140
1798;140
1799;140
1800;140
1801;140
1802;140
1803;140
1804;140
1805;140
1806;140
1807;140
1808;140
1809;140
1810;140
1811;140
1812;140
1813;140
1814;140
1815;140
1816;140
1817;140
1818;140
1819;140
1820;140
1821;140
1822;140
1823;140
1824;140
1825;140
1826;140
1827;140
1828;140
1829;140
1830;140
1831;140
1832;140
1833;140
1834;140
1835;140
1836;141
1837;141
1838;141
1839;140
1840;140
1841;140
1842;140
1843;140
1844;140
1845;140
1846;140
1847;140
1848;140
1849;140
1850;140
1851;140
1852;140
1853;140
1854;140
1855;140
1856;140
1857;140
1858;140
1859;140
1860;140
1861;140
1862;140
1863;140
1864;140
1865;140
1866;140
1867;140
1868;140
1869;140
1870;140
1871;140
1872;140
1873;140
1874;140
1875;140
1876;140
1877;140
1878;140
1879;140
1880;140
1881;140
1882;140
1883;140
1884;140
1885;140
1886;140
1887;140
1888;140
1889;140
1890;140
1891;140
1892;140
1893;140
1894;140
1895;140
1896;140
1897;140
1898;140
1899;140
1900;140
1901;140
1902;140
1903;140
1904;140
1905;140
1906;140
1907;140
1908;140
1909;140
1910;140
1911;140
1912;140
1913;140
1914;140
1915;140
1916;140
1917;140
1918;140
1919;140
1920;140
1921;140
1922;140
1923;140
1924;140
1925;140
1926;140
1927;140
1928;140
1929;140
1930;140
1931;140
1932;140
1933;140
1934;140
1935;140
1936;140
1937;140
1938;140
1939;140
1940;140
1941;140
1942;140
1943;140
1944;140
1945;140
1946;140
1947;140
1948;140
1949;140
1950;140
1951;140
1952;140
1953;140
1954;140
1955;140
1956;140
1957;140
1958;140
1959;140
1960;140
1961;140
1962;140
1963;140
1964;140
1965;140
1966;140
1967;140
1968;140
1969;140
1970;140
1971;140
1972;140
1973;140
1974;140
1975;140
1976;140
1977;140
1978;140
1979;141
1980;141
1981;141
1982;141
1983;141
1984;141
1985;141
1986;141
1987;141
1988;141
1989;141
1990;140
1991;140
1992;140
1993;140
1994;140
1995;140
1996;140
1997;140
1998;140
1999;140
2000;140
2001;140
2002;140
2003;140
2004;140
2005;140
2006;140
2007;140
2008;140
2009;141
2010;141
2011;141
2012;141
2013;141
2014;141
2015;141
2016;141
2017;141
2018;141
2019;141
2020;141
2021;141
2022;141
2023;141
2024;141
2025;141
2026;141
2027;141
2028;141
2029;140
2030;140
2031;140
2032;140
2033;140
2034;140
2035;140
2036;140
2037;140
2038;140
2039;140
2040;140
2041;140
2042;141
2043;141
2044;141
2045;140
2046;140
2047;140
2048;140
2049;140
2050;140
2051;140
2052;140
2053;140
2054;140
2055;140
2056;140
2057;140
2058;140
2059;140
2060;140
2061;140
2062;140
2063;140
2064;140
2065;140
2066;140
2067;140
2068;140
2069;140
2070;140
2071;140
2072;140
2073;140
2074;140
2075;140
2076;140
2077;140
2078;140
2079;140
2080;140
2081;140
2082;140
2083;140
2084;140
2085;140
2086;140
2087;140
2088;140
2089;140
2090;140
2091;140
2092;140
2093;140
2094;140
2095;140
2096;140
2097;140
2098;140
2099;140
2100;140
2101;140
2102;140
2103;140
2104;140
2105;140
2106;140
2107;140
2108;140
2109;140
2110;140
2111;140
2112;140
2113;140
2114;141
2115;141
2116;141
2117;141
2118;141
2119;141
2120;141
2121;141
2122;141
2123;141
2124;141
2125;141
2126;141
2127;141
2128;141
2129;141
2130;141
2131;141
2132;141
2133;141
2134;141
2135;141
2136;141
2137;141
2138;141
2139;141
2140;141
2141;141
2142;140
2143;140
2144;140
2145;140
2146;140
2147;140
2148;140
2149;140
2150;140
2151;140
2152;140
2153;140
2154;140
2155;140
2156;141
2157;141
2158;141
2159;141
2160;141
2161;141
2162;141
2163;141
2164;141
2165;141
2166;141
2167;141
2168;141
2169;141
2170;141
2171;141
2172;141
2173;141
2174;141
2175;141
2176;141
2177;141
2178;141
2179;141
2180;141
2181;141
2182;141
2183;141
2184;141
2185;141
2186;141
2187;141
2188;141
2189;141
2190;141
2191;141
2192;141
2193;141
2194;141
2195;141
2196;141
2197;141
2198;141
2199;141
2200;141
2201;141
2202;141
2203;141
2204;141
2205;141
2206;141
2207;141
2208;141
2209;141
2210;141
2211;141
2212;141
2213;141
2214;141
2215;141
2216;141
2217;141
2218;141
2219;141
2220;141
2221;141
2222;141
2223;141
2224;141
2225;141
2226;141
2227;141
2228;141
2229;141
2230;141
2231;141
2232;141
2233;141
2234;141
2235;141
2236;141
2237;141
2238;141
2239;141
2240;141
2241;141
2242;141
2243;141
2244;141
2245;141
2246;141
2247;141
2248;141
2249;141
2250;141
2251;141
2252;141
2253;141
2254;141
2255;141
2256;141
2257;141
2258;141
2259;141
2260;141
2261;141
2262;141
2263;141
2264;141
2265;141
2266;141
2267;141
2268;141
2269;141
2270;141
2271;141
2272;141
2273;141
2274;141
2275;141
2276;141
2277;141
2278;141
2279;141
2280;141
2281;141
2282;141
2283;141
2284;141
2285;141
2286;141
2287;141
2288;141
2289;141
2290;141
2291;140
2292;140
2293;140
2294;140
2295;140
2296;140
2297;140
2298;140
2299;140
2300;140
2301;140
2302;140
2303;140
2304;140
2305;140
2306;140
2307;140
2308;140
2309;140
2310;140
2311;140
2312;140
2313;140
2314;140
2315;140
2316;140
2317;140
2318;140
2319;140
2320;140
2321;140
2322;140
2323;140
2324;140
2325;140
2326;140
2327;140
2328;140
2329;141
2330;141
2331;141
2332;141
2333;141
2334;141
2335;141
2336;141
2337;141
2338;141
2339;141
2340;141
2341;141
2342;141
2343;141
2344;141
2345;141
2346;141
2347;141
2348;141
2349;141
2350;141
2351;141
2352;141
2353;141
2354;141
2355;141
2356;141
2357;141
2358;141
2359;141
2360;141
2361;141
2362;141
2363;141
2364;141
2365;141
2366;141
2367;141
2368;141
2369;141
2370;141
2371;141
2372;141
2373;141
2374;141
2375;141
2376;141
2377;141
2378;141
2379;141
2380;141
2381;141
2382;141
2383;141
2384;141
2385;141
2386;141
2387;141
2388;141
2389;141
2390;141
2391;141
2392;141
2393;141
2394;141
2395;141
2396;141
2397;141
2398;141
2399;141
2400;141
2401;141
2402;141
2403;141
2404;141
2405;141
2406;141
2407;141
2408;141
2409;141
2410;141
2411;141
2412;141
2413;141
2414;141
2415;141
2416;141
2417;141
2418;140
2419;140
2420;140
2421;140
2422;140
2423;140
2424;140
2425;140
2426;140
2427;140
2428;140
2429;140
2430;140
2431;140
2432;140
2433;140
2434;140
2435;140
2436;140
2437;140
2438;140
2439;140
2440;140
2441;140
2442;140
2443;140
2444;140
2445;140
2446;140
2447;140
2448;140
2449;140
2450;140
2451;140
2452;140
2453;140
2454;140
2455;140
2456;140
2457;140
2458;140
2459;140
2460;140
2461;140
2462;140
2463;140
2464;140
2465;140
2466;140
2467;140
2468;140
2469;140
2470;140
2471;140
2472;140
2473;140
2474;140
2475;140
2476;140
2477;140
2478;140
2479;140
2480;140
2481;140
2482;140
2483;140
2484;140
2485;140
2486;140
2487;140
2488;140
2489;140
2490;140
2491;140
2492;140
2493;140
2494;140
2495;140
2496;140
2497;140
2498;140
2499;140
2500;140
2501;140
2502;140
2503;140
2504;140
2505;140
2506;140
2507;140
2508;140
2509;140
2510;140
2511;140
2512;140
2513;140
2514;140
2515;140
2516;140
2517;140
2518;140
2519;140
2520;140
2521;140
2522;140
2523;140
2524;140
2525;140
2526;140
2527;140
2528;140
2529;140
2530;140
2531;140
2532;140
2533;140
2534;140
2535;140
2536;140
2537;140
2538;140
2539;140
2540;140
2541;140
2542;140
2543;140
2544;140
2545;140
2546;140
2547;140
2548;140
2549;140
2550;140
2551;140
2552;140
2553;140
2554;140
2555;140
2556;140
2557;140
2558;140
2559;140
2560;140
2561;140
2562;140
2563;140
2564;140
2565;140
2566;140
2567;140
2568;140
2569;140
2570;140
2571;140
2572;140
2573;140
2574;140
2575;140
2576;140
2577;140
2578;140
2579;140
2580;140
2581;140
2582;140
2583;140
2584;140
2585;140
2586;140
2587;140
2588;140
2589;140
2590;140
2591;140
2592;140
2593;140
2594;140
2595;140
2596;140
2597;140
2598;140
2599;140
2600;140
2601;140
2602;140
2603;140
2604;140
2605;140
2606;140
2607;140
2608;140
2609;140
2610;140
2611;140
2612;141
2613;141
2614;141
2615;141
2616;141
2617;140
2618;140
2619;140
2620;140
2621;140
2622;140
2623;140
2624;140
2625;140
2626;140
2627;140
2628;141
2629;141
2630;141
2631;141
2632;141
2633;141
2634;141
2635;141
2636;141
2637;141
2638;141
2639;141
2640;141
2641;141
2642;141
2643;141
2644;141
2645;141
2646;141
2647;141
2648;141
2649;141
2650;141
2651;141
2652;141
2653;141
2654;141
2655;141
2656;141
2657;141
2658;141
2659;141
2660;141
2661;141
2662;141
2663;141
2664;141
2665;141
2666;141
2667;141
2668;141
2669;141
2670;141
2671;141
2672;141
2673;141
2674;141
2675;141
2676;141
2677;141
2678;141
2679;141
2680;141
2681;141
2682;141
2683;141
2684;141
2685;141
2686;141
2687;141
2688;141
2689;141
2690;141
2691;141
2692;141
2693;141
2694;141
2695;141
2696;141
2697;141
2698;141
2699;141
2700;141
2701;141
2702;141
2703;141
2704;141
2705;141
2706;141
2707;141
2708;141
2709;141
2710;141
2711;141
2712;140
2713;140
2714;140
2715;140
2716;140
2717;140
2718;140
2719;140
2720;140
2721;141
2722;141
2723;141
2724;141
2725;141
2726;141
2727;141
2728;141
2729;141
2730;141
2731;141
2732;141
2733;141
2734;141
2735;141
2736;141
2737;141
2738;141
2739;141
2740;141
2741;141
2742;141
2743;141
2744;141
2745;141
2746;141
2747;141
2748;141
2749;141
2750;141
2751;141
2752;141
2753;141
2754;141
2755;141
2756;141
2757;141
2758;141
2759;141
2760;141
2761;141
2762;141
2763;141
2764;141
2765;141
2766;141
2767;140
2768;140
2769;140
2770;140
2771;140
2772;140
2773;140
2774;140
2775;140
2776;140
2777;140
2778;140
2779;140
2780;140
2781;140
2782;140
2783;140
2784;140
2785;140
2786;140
2787;140
2788;140
2789;140
2790;141
2791;141
2792;141
2793;141
2794;141
2795;141
2796;141
2797;141
2798;141
2799;141
2800;141
2801;141
2802;141
2803;141
2804;141
2805;141
2806;141
2807;141
2808;141
2809;141
2810;141
2811;141
2812;141
2813;141
2814;141
2815;141
2816;141
2817;141
2818;141
2819;141
2820;141
2821;141
2822;141
2823;141
2824;141
2825;141
2826;141
2827;141
2828;141
2829;141
2830;141
2831;141
2832;141
2833;141
2834;141
2835;141
2836;141
2837;141
2838;141
2839;141
2840;141
2841;141
2842;141
2843;141
2844;141
2845;141
2846;141
2847;141
2848;141
2849;141
2850;141
2851;141
2852;141
2853;141
2854;141
2855;141
2856;141
2857;141
2858;141
2859;141
2860;141
2861;141
2862;141
2863;141
2864;141
2865;141
2866;141
2867;141
2868;141
2869;141
2870;141
2871;141
2872;141
2873;141
2874;141
2875;141
2876;141
2877;141
2878;141
2879;141
2880;141
2881;141
2882;141
2883;141
2884;141
2885;141
2886;141
2887;141
2888;141
2889;141
2890;141
2891;141
2892;141
2893;141
2894;141
2895;141
2896;141
2897;141
2898;141
2899;141
2900;141
2901;141
2902;141
2903;141
2904;141
2905;141
2906;141
2907;141
2908;141
2909;141
2910;141
2911;141
2912;141
2913;141
2914;141
2915;141
2916;141
2917;141
2918;141
2919;141
2920;141
2921;141
2922;141
2923;141
2924;141
2925;141
2926;141
2927;141
2928;141
2929;141
2930;141
2931;141
2932;141
2933;141
2934;141
2935;141
2936;141
2937;141
2938;141
2939;141
2940;141
2941;141
2942;141
2943;141
2944;141
2945;141
2946;141
2947;141
2948;141
2949;141
2950;141
2951;141
2952;141
2953;141
2954;141
2955;141
2956;141
2957;141
2958;141
2959;141
2960;141
2961;141
2962;141
2963;141
2964;141
2965;141
2966;141
2967;141
2968;141
2969;141
2970;141
2971;141
2972;141
2973;141
2974;141
2975;141
2976;141
2977;141
2978;141
2979;141
2980;141
2981;141
2982;141
2983;141
2984;141
2985;141
2986;141
2987;141
2988;141
2989;141
2990;141
2991;141
2992;141
2993;141
2994;141
2995;141
2996;141
2997;141
2998;141
2999;141
3000;141
3001;141
3002;141
3003;141
3004;141
3005;141
3006;141
3007;141
3008;141
3009;141
3010;141
3011;141
3012;141
3013;141
3014;141
3015;141
3016;141
3017;141
3018;141
3019;141
3020;141
3021;141
3022;141
3023;141
3024;141
3025;141
3026;141
3027;141
3028;141
3029;141
3030;141
3031;141
3032;141
3033;141
3034;141
3035;141
3036;141
3037;141
3038;141
3039;141
3040;141
3041;141
3042;141
3043;141
3044;141
3045;141
3046;141
3047;141
3048;141
3049;141
3050;141
3051;141
3052;141
3053;141
3054;141
3055;141
3056;141
3057;141
3058;141
3059;141
3060;141
3061;141
3062;141
3063;141
3064;141
3065;141
3066;141
3067;141
3068;141
3069;141
3070;141
3071;141
3072;141
3073;141
3074;141
3075;141
3076;141
3077;141
3078;141
3079;141
3080;141
3081;141
3082;141
3083;141
3084;141
3085;141
3086;141
3087;141
3088;141
3089;141
3090;141
3091;141
3092;141
3093;141
3094;141
3095;141
3096;141
3097;141
3098;141
3099;141
3100;141
3101;141
3102;141
3103;141
3104;141
3105;141
3106;141
3107;141
3108;141
3109;141
3110;141
3111;141
3112;141
3113;141
3114;141
3115;141
3116;141
3117;141
3118;141
3119;141
3120;141
3121;141
3122;141
3123;141
3124;141
3125;141
3126;141
3127;141
3128;141
3129;141
3130;141
3131;141
3132;141
3133;141
3134;141
3135;141
3136;141
3137;141
3138;141
3139;141
3140;141
3141;141
3142;141
3143;141
3144;141
3145;141
3146;141
3147;141
3148;141
3149;141
3150;141
3151;141
3152;141
3153;141
3154;141
3155;141
3156;141
3157;141
3158;141
3159;141
3160;141
3161;141
3162;141
3163;141
3164;141
3165;141
3166;141
3167;141
3168;141
3169;141
3170;141
3171;141
3172;141
3173;141
3174;141
3175;141
3176;141
3177;141
3178;141
3179;141
3180;141
3181;141
3182;141
3183;141
3184;141
3185;141
3186;141
3187;141
3188;141
3189;141
3190;141
3191;141
3192;141
3193;141
3194;141
3195;141
3196;141
3197;141
3198;141
3199;141
3200;141
3201;141
3202;141
3203;141
3204;141
3205;141
3206;141
3207;141
3208;141
3209;141
3210;141
3211;141
3212;141
3213;141
3214;141
3215;141
3216;141
3217;141
3218;141
3219;141
3220;141
3221;141
3222;141
3223;141
3224;141
3225;141
3226;141
3227;141
3228;141
3229;141
3230;141
3231;141
3232;141
3233;141
3234;141
3235;141
3236;141
3237;141
3238;141
3239;141
3240;141
3241;141
3242;141
3243;141
3244;141
3245;141
3246;141
3247;141
3248;141
3249;141
3250;141
3251;141
3252;141
3253;141
3254;141
3255;141
3256;141
3257;141
3258;141
3259;141
3260;141
3261;141
3262;141
3263;141
3264;141
3265;141
3266;141
3267;141
3268;141
3269;141
3270;141
3271;141
3272;141
3273;141
3274;141
3275;141
3276;141
3277;141
3278;141
3279;141
3280;141
3281;141
3282;141
3283;141
3284;141
3285;141
3286;141
3287;141
3288;141
3289;141
3290;141
3291;141
3292;141
3293;141
3294;141
3295;141
3296;141
3297;141
3298;141
3299;141
3300;141
3301;141
3302;141
3303;141
3304;141
3305;141
3306;141
3307;141
3308;141
3309;141
3310;141
3311;141
3312;141
3313;141
3314;141
3315;141
3316;141
3317;141
3318;141
3319;141
3320;141
3321;141
3322;141
3323;141
3324;141
3325;141
3326;141
3327;141
3328;141
3329;141
3330;141
3331;141
3332;141
3333;141
3334;141
3335;141
3336;141
3337;141
3338;141
3339;141
3340;141
3341;141
3342;141
3343;141
3344;141
3345;141
3346;141
3347;141
3348;141
3349;141
3350;141
3351;141
3352;141
3353;141
3354;141
3355;141
3356;141
3357;141
3358;141
3359;141
3360;141
3361;141
3362;141
3363;141
3364;141
3365;141
3366;141
3367;141
3368;141
3369;141
3370;141
3371;141
3372;141
3373;141
3374;141
3375;141
3376;141
3377;141
3378;141
3379;141
3380;141
3381;141
3382;141
3383;141
3384;141
3385;141
3386;141
3387;141
3388;141
3389;141
3390;141
3391;141
3392;141
3393;141
3394;141
3395;141
3396;141
3397;141
3398;141
3399;141
3400;141
3401;141
3402;141
3403;141
3404;141
3405;141
3406;141
3407;141
3408;141
3409;141
3410;141
3411;141
3412;141
3413;141
3414;141
3415;141
3416;141
3417;141
3418;141
3419;141
3420;141
3421;141
3422;141
3423;141
3424;141
3425;141
3426;141
3427;141
3428;141
3429;141
3430;141
3431;141
3432;141
3433;141
3434;141
3435;141
3436;141
3437;141
3438;141
3439;141
3440;141
3441;141
3442;141
3443;141
3444;141
3445;141
3446;141
3447;141
3448;141
3449;141
3450;141
3451;141
3452;141
3453;141
3454;141
3455;141
3456;141
3457;141
3458;141
3459;141
3460;141
3461;141
3462;141
3463;141
3464;141
3465;141
3466;141
3467;141
3468;141
3469;141
3470;141
3471;141
3472;141
3473;141
3474;141
3475;141
3476;141
3477;141
3478;141
3479;141
3480;141
3481;141
3482;141
3483;141
3484;141
3485;141
3486;141
3487;141
3488;141
3489;141
3490;141
3491;141
3492;141
3493;141
3494;141
3495;141
3496;141
3497;141
3498;141
3499;141
3500;141
3501;141
3502;141
3503;141
3504;141
3505;141
3506;141
3507;141
3508;141
3509;141
3510;141
3511;141
3512;141
3513;141
3514;141
3515;141
3516;141
3517;141
3518;141
3519;141
3520;141
3521;141
3522;141
3523;141
3524;141
3525;141
3526;141
3527;141
3528;141
3529;141
3530;141
3531;141
3532;141
3533;141
3534;141
3535;141
3536;141
3537;141
3538;141
3539;141
3540;141
3541;141
3542;141
3543;141
3544;141
3545;141
3546;141
3547;141
3548;141
3549;141
3550;141
3551;141
3552;141
3553;141
3554;141
3555;141
3556;141
3557;141
3558;141
3559;141
3560;141
3561;141
3562;141
3563;141
3564;141
3565;141
3566;141
3567;141
3568;141
3569;141
3570;141
3571;141
3572;141
3573;141
3574;141
3575;141
3576;141
3577;141
3578;141
3579;141
3580;141
3581;141
3582;141
3583;141
3584;141
3585;141
3586;141
3587;141
3588;141
3589;141
3590;141
3591;141
3592;141
3593;141
3594;141
3595;141
3596;141
3597;141
3598;141
3599;141
3600;141
3601;141
3602;141
3603;141
3604;141
3605;141
3606;141
3607;141
3608;141
3609;141
3610;141
3611;141
3612;141
3613;141
3614;141
3615;141
3616;141
3617;141
3618;141
3619;141
3620;141
3621;141
3622;141
3623;141
3624;141
3625;141
3626;141
3627;141
3628;141
3629;141
3630;141
3631;141
3632;141
3633;141
3634;141
3635;141
3636;141
3637;141
3638;141
3639;141
3640;141
3641;141
3642;141
3643;141
3644;141
3645;141
3646;141
3647;141
3648;141
3649;141
3650;141
3651;141
3652;141
3653;141
3654;141
3655;141
3656;141
3657;141
3658;141
3659;141
3660;141
3661;141
3662;141
3663;141
3664;141
3665;141
3666;141
3667;141
3668;141
3669;141
3670;141
3671;141
3672;141
3673;141
3674;141
3675;141
3676;141
3677;141
3678;141
3679;141
3680;141
3681;141
3682;141
3683;141
3684;141
3685;141
3686;141
3687;141
3688;141
3689;141
3690;141
3691;141
3692;141
3693;141
3694;141
3695;141
3696;141
3697;141
3698;141
3699;141
3700;141
3701;141
3702;141
3703;141
3704;141
3705;141
3706;141
3707;141
3708;141
3709;141
3710;141
3711;141
3712;141
3713;141
3714;141
3715;141
3716;141
3717;141
3718;141
3719;141
3720;141
3721;141
3722;141
3723;141
3724;141
3725;141
3726;141
3727;141
3728;141
3729;141
3730;141
3731;141
3732;141
3733;141
3734;141
3735;141
3736;141
3737;141
3738;141
3739;141
3740;141
3741;141
3742;141
3743;141
3744;141
3745;141
3746;141
3747;141
3748;141
3749;141
3750;141
3751;141
3752;141
3753;141
3754;141
3755;141
3756;141
3757;141
3758;141
3759;141
3760;141
3761;141
3762;141
3763;141
3764;141
3765;141
3766;141
3767;141
3768;141
3769;141
3770;141
3771;141
3772;141
3773;141
3774;141
3775;141
3776;141
3777;141
3778;141
3779;141
3780;141
3781;141
3782;141
3783;141
3784;141
3785;141
3786;141
3787;141
3788;141
3789;141
3790;141
3791;141
3792;141
3793;141
3794;141
3795;141
3796;141
3797;141
3798;141
3799;141
3800;141
3801;141
3802;141
3803;141
3804;141
3805;141
3806;141
3807;141
3808;141
3809;141
3810;141
3811;141
3812;141
3813;141
3814;141
3815;141
3816;141
3817;141
3818;141
3819;141
3820;141
3821;141
3822;141
3823;141
3824;141
3825;141
3826;141
3827;141
3828;141
3829;141
3830;141
3831;141
3832;141
3833;141
3834;141
3835;141
3836;141
3837;141
3838;141
3839;141
3840;141
3841;141
3842;141
3843;141
3844;141
3845;141
3846;141
3847;141
3848;141
3849;141
3850;141
3851;141
3852;141
3853;141
3854;141
3855;141
3856;141
3857;141
3858;141
3859;141
3860;141
3861;141
3862;141
3863;141
3864;141
3865;141
3866;141
3867;141
3868;141
3869;141
3870;141
3871;141
3872;141
3873;141
3874;141
3875;141
3876;141
3877;141
3878;141
3879;141
3880;141
3881;141
3882;141
3883;141
3884;141
3885;141
3886;141
3887;141
3888;141
3889;141
3890;141
3891;141
3892;141
3893;141
3894;141
3895;141
3896;141
3897;141
3898;141
3899;141
3900;141
3901;141
3902;141
3903;141
3904;141
3905;141
3906;141
3907;141
3908;141
3909;141
3910;141
3911;141
3912;141
3913;141
3914;141
3915;141
3916;141
3917;141
3918;141
3919;141
3920;141
3921;141
3922;141
3923;141
3924;141
3925;141
3926;141
3927;141
3928;141
3929;141
3930;141
3931;141
3932;141
3933;141
3934;141
3935;141
3936;141
3937;141
3938;141
3939;141
3940;141
3941;141
3942;141
3943;141
3944;141
3945;141
3946;141
3947;141
3948;141
3949;141
3950;141
3951;141
3952;141
3953;141
3954;141
3955;141
3956;141
3957;141
3958;141
3959;141
3960;141
3961;141
3962;141
3963;141
3964;141
3965;141
3966;141
3967;141
3968;141
3969;141
3970;141
3971;141
3972;141
3973;141
3974;141
3975;141
3976;141
3977;141
3978;141
3979;141
3980;141
3981;141
3982;141
3983;141
3984;141
3985;141
3986;141
3987;141
3988;141
3989;141
3990;141
3991;141
3992;141
3993;141
3994;141
3995;141
3996;141
3997;141
3998;141
3999;141
4000;141
4001;141
4002;141
4003;141
4004;141
4005;141
4006;141
4007;141
4008;141
4009;141
4010;141
4011;141
4012;141
4013;141
4014;141
4015;141
4016;141
4017;141
4018;141
4019;141
4020;141
4021;141
4022;141
4023;141
4024;141
4025;141
4026;141
4027;141
4028;141
4029;141
4030;141
4031;141
4032;141
4033;141
4034;141
4035;141
4036;141
4037;141
4038;141
4039;141
4040;141
4041;141
4042;141
4043;141
4044;141
4045;141
4046;141
4047;141
4048;141
4049;141
4050;141
4051;141
4052;141
4053;141
4054;141
4055;141
4056;141
4057;141
4058;141
4059;141
4060;141
4061;141
4062;141
4063;141
4064;141
4065;141
4066;141
4067;141
4068;141
4069;141
4070;141
4071;141
4072;141
4073;141
4074;141
4075;141
4076;141
4077;141
4078;141
4079;141
4080;141
4081;141
4082;141
4083;141
4084;141
4085;141
4086;141
4087;141
4088;141
4089;141
4090;141
4091;141
4092;141
4093;141
4094;141
4095;141
4096;141
4097;141
4098;141
4099;141
4100;141
4101;141
4102;141
4103;141
4104;141
4105;141
4106;141
4107;141
4108;141
4109;141
4110;141
4111;141
4112;141
4113;141
4114;141
4115;141
4116;141
4117;141
4118;141
4119;141
4120;141
4121;141
4122;141
4123;141
4124;141
4125;141
4126;141
4127;141
4128;141
4129;141
4130;141
4131;141
4132;141
4133;141
4134;141
4135;141
4136;141
4137;141
4138;141
4139;141
4140;141
4141;141
4142;141
4143;141
4144;141
4145;141
4146;141
4147;141
4148;141
4149;141
4150;141
4151;141
4152;141
4153;141
4154;141
4155;141
4156;141
4157;141
4158;141
4159;141
4160;141
4161;141
4162;141
4163;141
4164;141
4165;141
4166;141
4167;141
4168;141
4169;141
4170;141
4171;141
4172;141
4173;141
4174;141
4175;141
4176;141
4177;141
4178;141
4179;141
4180;141
4181;141
4182;141
4183;141
4184;141
4185;141
4186;141
4187;141
4188;141
4189;141
4190;141
4191;141
4192;141
4193;141
4194;141
4195;141
4196;141
4197;141
4198;141
4199;141
4200;141
4201;141
4202;141
4203;141
4204;141
4205;141
4206;141
4207;141
4208;141
4209;141
4210;141
4211;141
4212;141
4213;141
4214;141
4215;141
4216;141
4217;141
4218;141
4219;141
4220;141
4221;141
4222;141
4223;141
4224;141
4225;141
4226;141
4227;141
4228;141
4229;141
4230;141
4231;141
4232;141
4233;141
4234;141
4235;141
4236;141
4237;141
4238;141
4239;141
4240;141
4241;141
4242;141
4243;141
4244;141
4245;141
4246;141
4247;141
4248;141
4249;141
4250;141
4251;141
4252;141
4253;141
4254;141
4255;141
4256;141
4257;141
4258;141
4259;141
4260;141
4261;141
4262;141
4263;141
4264;141
4265;141
4266;141
4267;141
4268;141
4269;141
4270;141
4271;141
4272;141
4273;141
4274;141
4275;141
4276;141
4277;141
4278;141
4279;141
4280;141
4281;141
4282;141
4283;141
4284;141
4285;141
4286;141
4287;141
4288;141
4289;141
4290;141
4291;141
4292;141
4293;141
4294;141
4295;141
4296;141
4297;141
4298;141
4299;141
4300;141
4301;141
4302;141
4303;141
4304;141
4305;141
4306;141
4307;141
4308;141
4309;141
4310;141
4311;141
4312;141
4313;141
4314;141
4315;141
4316;141
4317;141
4318;141
4319;141
4320;141
4321;141
4322;141
4323;141
4324;141
4325;141
4326;141
4327;141
4328;141
4329;141
4330;141
4331;141
4332;141
4333;141
4334;141
4335;141
4336;141
4337;141
4338;141
4339;141
4340;141
4341;141
4342;141
4343;141
4344;141
4345;141
4346;141
4347;141
4348;141
4349;141
4350;141
4351;141
4352;141
4353;141
4354;141
4355;141
4356;141
4357;141
4358;141
4359;141
4360;141
4361;141
4362;141
4363;141
4364;141
4365;141
4366;141
4367;141
4368;141
4369;141
4370;141
4371;141
4372;141
4373;141
4374;141
4375;141
4376;141
4377;141
4378;141
4379;141
4380;141
4381;141
4382;141
4383;141
4384;141
4385;141
4386;141
4387;141
4388;141
4389;141
4390;141
4391;141
4392;141
4393;141
4394;141
4395;141
4396;141
4397;141
4398;141
4399;141
4400;141
4401;141
4402;141
4403;141
4404;141
4405;141
4406;141
4407;141
4408;141
4409;141
4410;141
4411;141
4412;141
4413;141
4414;141
4415;141
4416;141
4417;141
4418;141
4419;141
4420;141
4421;141
4422;141
4423;141
4424;141
4425;141
4426;141
4427;141
4428;141
4429;141
4430;141
4431;141
4432;141
4433;141
4434;141
4435;141
4436;141
4437;141
4438;141
4439;141
4440;141
4441;141
4442;141
4443;141
4444;141
4445;141
4446;141
4447;141
4448;141
4449;141
4450;141
4451;141
4452;141
4453;141
4454;141
4455;141
4456;141
4457;141
4458;141
4459;141
4460;141
4461;141
4462;141
4463;141
4464;141
4465;141
4466;141
4467;141
4468;141
4469;141
4470;141
4471;141
4472;141
4473;141
4474;141
4475;141
4476;141
4477;141
4478;141
4479;141
4480;141
4481;141
4482;141
4483;141
4484;141
4485;141
4486;141
4487;141
4488;141
4489;141
4490;141
4491;141
4492;141
4493;141
4494;141
4495;141
4496;141
4497;141
4498;141
4499;141
4500;141
4501;141
4502;141
4503;141
4504;141
4505;141
4506;141
4507;141
4508;141
4509;141
4510;141
4511;141
4512;141
4513;141
4514;141
4515;141
4516;141
4517;141
4518;141
4519;141
4520;141
4521;141
4522;141
4523;141
4524;141
4525;141
4526;141
4527;141
4528;141
4529;141
4530;141
4531;141
4532;141
4533;141
4534;141
4535;141
4536;141
4537;141
4538;141
4539;141
4540;141
4541;141
4542;141
4543;141
4544;141
4545;141
4546;141
4547;141
4548;141
4549;141
4550;141
4551;141
4552;141
4553;141
4554;141
4555;141
4556;141
4557;141
4558;141
4559;141
4560;141
4561;141
4562;141
4563;141
4564;141
4565;141
4566;141
4567;141
4568;141
4569;141
4570;141
4571;141
4572;141
4573;141
4574;141
4575;141
4576;141
4577;141
4578;141
4579;141
4580;141
4581;141
4582;141
4583;141
4584;141
4585;141
4586;141
4587;141
4588;141
4589;141
4590;141
4591;141
4592;141
4593;141
4594;141
4595;141
4596;141
4597;141
4598;141
4599;141
4600;141
4601;141
4602;141
4603;141
4604;141
4605;141
4606;141
4607;141
4608;141
4609;141
4610;141
4611;141
4612;141
4613;141
4614;141
4615;141
4616;141
4617;141
4618;141
4619;141
4620;141
4621;141
4622;141
4623;141
4624;141
4625;141
4626;141
4627;141
4628;141
4629;141
4630;141
4631;141
4632;141
4633;141
4634;141
4635;141
4636;141
4637;141
4638;141
4639;141
4640;141
4641;141
4642;141
4643;141
4644;141
4645;141
4646;141
4647;141
4648;141
4649;141
4650;141
4651;141
4652;141
4653;141
4654;141
4655;141
4656;141
4657;141
4658;141
4659;141
4660;141
4661;141
4662;141
4663;141
4664;141
4665;141
4666;141
4667;141
4668;141
4669;141
4670;141
4671;141
4672;141
4673;141
4674;141
4675;141
4676;141
4677;141
4678;141
4679;141
4680;141
4681;141
4682;141
4683;141
4684;141
4685;141
4686;141
4687;141
4688;141
4689;141
4690;141
4691;141
4692;141
4693;141
4694;141
4695;141
4696;141
4697;141
4698;141
4699;141
4700;141
4701;141
4702;141
4703;141
4704;141
4705;141
4706;141
4707;141
4708;141
4709;141
4710;141
4711;141
4712;141
4713;141
4714;141
4715;141
4716;141
4717;141
4718;141
4719;141
4720;141
4721;141
4722;141
4723;141
4724;141
4725;141
4726;141
4727;141
4728;141
4729;141
4730;141
4731;141
4732;141
4733;141
4734;141
4735;141
4736;141
4737;141
4738;141
4739;141
4740;141
4741;141
4742;141
4743;141
4744;141
4745;141
4746;141
4747;141
4748;141
4749;141
4750;141
4751;141
4752;141
4753;141
4754;141
4755;141
4756;141
4757;141
4758;141
4759;141
4760;141
4761;141
4762;141
4763;141
4764;141
4765;141
4766;141
4767;141
4768;141
4769;141
4770;141
4771;141
4772;141
4773;141
4774;141
4775;141
4776;141
4777;141
4778;141
4779;141
4780;141
4781;141
4782;141
4783;141
4784;141
4785;141
4786;141
4787;141
4788;141
4789;141
4790;141
4791;141
4792;141
4793;141
4794;141
4795;141
4796;141
4797;141
4798;141
4799;141
4800;141
4801;141
4802;141
4803;141
4804;141
4805;141
4806;141
4807;141
4808;141
4809;141
4810;141
4811;141
4812;141
4813;141
4814;141
4815;141
4816;141
4817;141
4818;141
4819;141
4820;141
4821;141
4822;141
4823;141
4824;141
4825;141
4826;141
4827;141
4828;141
4829;141
4830;141
4831;141
4832;141
4833;141
4834;141
4835;141
4836;141
4837;141
4838;141
4839;141
4840;141
4841;141
4842;141
4843;141
4844;141
4845;141
4846;141
4847;141
4848;141
4849;141
4850;141
4851;141
4852;141
4853;141
4854;141
4855;141
4856;141
4857;141
4858;141
4859;141
4860;141
4861;141
4862;141
4863;141
4864;141
4865;141
4866;141
4867;141
4868;141
4869;141
4870;141
4871;141
4872;141
4873;141
4874;141
4875;141
4876;141
4877;141
4878;141
4879;141
4880;141
4881;141
4882;141
4883;141
4884;141
4885;141
4886;141
4887;141
4888;141
4889;141
4890;141
4891;141
4892;141
4893;141
4894;141
4895;141
4896;141
4897;141
4898;141
4899;141
4900;141
4901;141
4902;141
4903;141
4904;141
4905;141
4906;141
4907;141
4908;141
4909;141
4910;141
4911;141
4912;141
4913;141
4914;141
4915;141
4916;141
4917;141
4918;141
4919;141
4920;141
4921;141
4922;141
4923;141
4924;141
4925;141
4926;141
4927;141
4928;141
4929;141
4930;141
4931;141
4932;141
4933;141
4934;141
4935;141
4936;141
4937;141
4938;141
4939;141
4940;141
4941;141
4942;141
4943;141
4944;141
4945;141
4946;141
4947;141
4948;141
4949;141
4950;141
4951;141
4952;141
4953;141
4954;141
4955;141
4956;141
4957;141
4958;141
4959;141
4960;141
4961;141
4962;141
4963;141
4964;141
4965;141
4966;141
4967;141
4968;141
4969;141
4970;141
4971;141
4972;141
4973;141
4974;141
4975;141
4976;141
4977;141
4978;141
4979;141
4980;141
4981;141
4982;141
4983;141
4984;141
4985;141
4986;141
4987;141
4988;141
4989;141
4990;141
4991;141
4992;141
4993;141
4994;141
4995;141
4996;141
4997;141
4998;141
4999;141
5000;141
5001;141
5002;141
5003;141
5004;141
5005;141
5006;141
5007;141
5008;141
5009;141
5010;141
5011;141
5012;141
5013;141
5014;141
5015;141
5016;141
5017;141
5018;141
5019;141
5020;141
5021;141
5022;141
5023;141
5024;141
5025;141
5026;141
5027;141
5028;141
5029;141
5030;141
5031;141
5032;141
5033;141
5034;141
5035;141
5036;141
5037;141
5038;141
5039;141
5040;141
5041;141
5042;141
5043;141
5044;141
5045;141
5046;141
5047;141
5048;141
5049;141
5050;141
5051;141
5052;141
5053;141
5054;141
5055;141
5056;141
5057;141
5058;141
5059;141
5060;141
5061;141
5062;141
5063;141
5064;141
5065;141
5066;141
5067;141
5068;141
5069;141
5070;141
5071;141
5072;141
5073;141
5074;141
5075;141
5076;141
5077;141
5078;141
5079;141
5080;141
5081;141
5082;141
5083;141
5084;141
5085;141
5086;141
5087;141
5088;141
5089;141
5090;141
5091;141
5092;141
5093;141
5094;141
5095;141
5096;141
5097;141
5098;141
5099;141
5100;141
5101;141
5102;141
5103;141
5104;141
5105;141
5106;141
5107;141
5108;141
5109;141
5110;141
5111;141
5112;141
5113;141
5114;141
5115;141
5116;141
5117;141
5118;141
5119;141
5120;141
5121;141
5122;141
5123;141
5124;141
5125;141
5126;141
5127;141
5128;141
5129;141
5130;141
5131;141
5132;141
5133;141
5134;141
5135;141
5136;141
5137;141
5138;141
5139;141
5140;141
5141;141
5142;141
5143;141
5144;141
5145;141
5146;141
5147;141
5148;141
5149;141
5150;141
5151;141
5152;141
5153;141
5154;141
5155;141
5156;141
5157;141
5158;141
5159;141
5160;141
5161;141
5162;141
5163;141
5164;141
5165;141
5166;141
5167;141
5168;141
5169;141
5170;141
5171;141
5172;141
5173;141
5174;141
5175;141
5176;141
5177;141
5178;141
5179;141
5180;141
5181;141
5182;141
5183;141
5184;141
5185;141
5186;141
5187;141
5188;141
5189;141
5190;141
5191;141
5192;141
5193;141
5194;141
5195;141
5196;141
5197;141
5198;141
5199;141
5200;141
5201;141
5202;141
5203;141
5204;141
5205;141
5206;141
5207;141
5208;141
5209;141
5210;141
5211;141
5212;141
5213;141
5214;141
5215;141
5216;141
5217;141
5218;141
5219;141
5220;141
5221;141
5222;141
5223;141
5224;141
5225;141
5226;141
5227;141
5228;141
5229;141
5230;141
5231;141
5232;141
5233;141
5234;141
5235;141
5236;141
5237;141
5238;141
5239;141
5240;141
5241;141
5242;141
5243;141
5244;141
5245;141
5246;141
5247;141
5248;141
5249;141
5250;141
5251;141
5252;141
5253;141
5254;141
5255;141
5256;141
5257;141
5258;141
5259;141
5260;141
5261;141
5262;141
5263;141
5264;141
5265;141
5266;141
5267;141
5268;141
5269;141
5270;141
5271;141
5272;141
5273;141
5274;141
5275;141
5276;141
5277;141
5278;141
5279;141
5280;141
5281;141
5282;141
5283;141
5284;141
5285;141
5286;141
5287;141
5288;141
5289;141
5290;141
5291;141
5292;141
5293;141
5294;141
5295;141
5296;141
5297;141
5298;141
5299;141
5300;141
5301;141
5302;141
5303;141
5304;141
5305;141
5306;141
5307;141
5308;141
5309;141
5310;141
5311;141
5312;141
5313;141
5314;141
5315;141
5316;141
5317;141
5318;141
5319;141
5320;141
5321;141
5322;141
5323;141
5324;141
5325;141
5326;141
5327;141
5328;141
5329;141
5330;141
5331;141
5332;141
5333;141
5334;141
5335;141
5336;141
5337;141
5338;141
5339;141
5340;141
5341;141
5342;141
5343;141
5344;141
5345;141
5346;141
5347;141
5348;141
5349;141
5350;141
5351;141
5352;141
5353;141
5354;141
5355;141
5356;141
5357;141
5358;141
5359;141
5360;141
5361;141
5362;141
5363;141
5364;141
5365;141
5366;141
5367;141
5368;141
5369;141
5370;141
5371;141
5372;141
5373;141
5374;141
5375;141
5376;141
5377;141
5378;141
5379;141
5380;141
5381;141
5382;141
5383;141
5384;141
5385;141
5386;141
5387;141
5388;141
5389;141
5390;141
5391;141
5392;141
5393;141
5394;141
5395;141
5396;141
5397;141
5398;141
5399;141
5400;141
5401;141
5402;141
5403;141
5404;141
5405;141
5406;141
5407;141
5408;141
5409;141
5410;141
5411;141
5412;141
5413;141
5414;141
5415;141
5416;141
5417;141
5418;141
5419;141
5420;141
5421;141
5422;141
5423;141
5424;141
5425;141
5426;141
5427;141
5428;141
5429;141
5430;141
5431;141
5432;141
5433;141
5434;141
5435;141
5436;141
5437;141
5438;141
5439;141
5440;141
5441;141
5442;141
5443;141
5444;141
5445;141
5446;141
5447;141
5448;141
5449;141
5450;141
5451;141
5452;141
5453;141
5454;141
5455;141
5456;141
5457;141
5458;141
5459;141
5460;141
5461;141
5462;141
5463;141
5464;141
5465;141
5466;141
5467;141
5468;141
5469;141
5470;141
5471;141
5472;141
5473;141
5474;141
5475;141
5476;141
5477;141
5478;141
5479;141
5480;141
5481;141
5482;141
5483;141
5484;141
5485;141
5486;141
5487;141
5488;141
5489;141
5490;141
5491;141
5492;141
5493;141
5494;141
5495;141
5496;141
5497;141
5498;141
5499;141
5500;141
5501;141
5502;141
5503;141
5504;141
5505;141
5506;141
5507;141
5508;141
5509;141
5510;141
5511;141
5512;141
5513;141
5514;141
5515;141
5516;141
5517;141
5518;141
5519;141
5520;141
5521;141
5522;141
5523;141
5524;141
5525;141
5526;141
5527;141
5528;141
5529;141
5530;141
5531;141
5532;141
5533;141
5534;141
5535;141
5536;141
5537;141
5538;141
5539;141
5540;141
5541;141
5542;141
5543;141
5544;141
5545;141
5546;141
5547;141
5548;141
5549;141
5550;141
5551;141
5552;141
5553;141
5554;141
5555;141
5556;141
5557;141
5558;141
5559;141
5560;141
5561;141
5562;141
5563;141
5564;141
5565;141
5566;141
5567;141
5568;141
5569;141
5570;141
5571;141
5572;141
5573;141
5574;141
5575;141
5576;141
5577;141
5578;141
5579;141
5580;141
5581;141
5582;141
5583;141
5584;141
5585;141
5586;141
5587;141
5588;141
5589;141
5590;141
5591;141
5592;141
5593;141
5594;141
5595;141
5596;141
5597;141
5598;141
5599;141
5600;141
5601;141
5602;141
5603;141
5604;141
5605;141
5606;141
5607;141
5608;141
5609;141
5610;141
5611;141
5612;141
5613;141
5614;141
5615;141
5616;141
5617;141
5618;141
5619;141
5620;141
5621;141
5622;141
5623;141
5624;141
5625;141
5626;141
5627;141
5628;141
5629;141
5630;141
5631;141
5632;141
5633;141
5634;141
5635;141
5636;141
5637;141
5638;141
5639;141
5640;141
5641;141
5642;141
5643;141
5644;141
5645;141
5646;141
5647;141
5648;141
5649;141
5650;141
5651;141
5652;141
5653;141
5654;141
5655;141
5656;141
5657;141
5658;141
5659;141
5660;141
5661;141
5662;141
5663;141
5664;141
5665;141
5666;141
5667;141
5668;141
5669;141
5670;141
5671;141
5672;141
5673;141
5674;141
5675;141
5676;141
5677;141
5678;141
5679;141
5680;141
5681;141
5682;141
5683;141
5684;141
5685;141
5686;141
5687;141
5688;141
5689;141
5690;141
5691;141
5692;141
5693;141
5694;141
5695;141
5696;141
5697;141
5698;141
5699;141
5700;141
5701;141
5702;141
5703;141
5704;141
5705;141
5706;141
5707;141
5708;141
5709;141
5710;141
5711;141
5712;141
5713;141
5714;141
5715;141
5716;141
5717;141
5718;141
5719;141
5720;141
5721;141
5722;141
5723;141
5724;141
5725;141
5726;141
5727;141
5728;141
5729;141
5730;141
5731;141
5732;141
5733;141
5734;141
5735;141
5736;141
5737;141
5738;141
5739;141
5740;141
5741;141
5742;141
5743;141
5744;141
5745;141
5746;141
5747;141
5748;141
5749;141
5750;141
5751;141
5752;141
5753;141
5754;141
5755;141
5756;141
5757;141
5758;141
5759;141
5760;141
5761;141
5762;141
5763;141
5764;141
5765;141
5766;141
5767;141
5768;141
5769;141
5770;141
5771;141
5772;141
5773;141
5774;141
5775;141
5776;141
5777;141
5778;141
5779;141
5780;141
5781;141
5782;141
5783;141
5784;141
5785;141
5786;141
5787;141
5788;141
5789;141
5790;141
5791;141
5792;141
5793;141
5794;141
5795;141
5796;141
5797;141
5798;141
5799;141
5800;141
5801;141
5802;141
5803;141
5804;141
5805;141
5806;141
5807;141
5808;141
5809;141
5810;141
5811;141
5812;141
5813;141
5814;141
5815;141
5816;141
5817;141
5818;141
5819;141
5820;141
5821;141
5822;141
5823;141
5824;141
5825;141
5826;141
5827;141
5828;141
5829;141
5830;141
5831;141
5832;141
5833;141
5834;141
5835;141
5836;141
5837;141
5838;141
5839;141
5840;141
5841;141
5842;141
5843;141
5844;141
5845;141
5846;141
5847;141
5848;141
5849;141
5850;141
5851;141
5852;141
5853;141
5854;141
5855;141
5856;141
5857;141
5858;141
5859;141
5860;141
5861;141
5862;141
5863;141
5864;141
5865;141
5866;141
5867;141
5868;141
5869;141
5870;141
5871;141
5872;141
5873;141
5874;141
5875;141
5876;141
5877;141
5878;141
5879;141
5880;141
5881;141
5882;141
5883;141
5884;141
5885;141
5886;141
5887;141
5888;141
5889;141
5890;141
5891;141
5892;141
5893;141
5894;141
5895;141
5896;141
5897;141
5898;141
5899;141
5900;141
5901;141
5902;141
5903;141
5904;141
5905;141
5906;141
5907;141
5908;141
5909;141
5910;141
5911;141
5912;141
5913;141
5914;141
5915;141
5916;141
5917;141
5918;141
5919;141
5920;141
5921;141
5922;141
5923;141
5924;141
5925;141
5926;141
5927;141
5928;141
5929;141
5930;141
5931;141
5932;141
5933;141
5934;141
5935;141
5936;141
5937;141
5938;141
5939;141
5940;141
5941;141
5942;141
5943;141
5944;141
5945;141
5946;141
5947;141
5948;141
5949;141
5950;141
5951;141
5952;141
5953;141
5954;141
5955;141
5956;141
5957;141
5958;141
5959;141
5960;141
5961;141
5962;141
5963;141
5964;141
5965;141
5966;141
5967;141
5968;141
5969;141
5970;141
5971;141
5972;141
5973;141
5974;141
5975;141
5976;141
5977;141
5978;141
5979;141
5980;141
5981;141
5982;141
5983;141
5984;141
5985;141
5986;141
5987;141
5988;141
5989;141
5990;141
5991;141
5992;141
5993;141
5994;141
5995;141
5996;141
5997;141
5998;141
5999;141
6000;141
6001;141
6002;141
6003;141
6004;141
6005;141
6006;141
6007;141
6008;141
6009;141
6010;141
6011;141
6012;141
6013;141
6014;141
6015;141
6016;141
6017;141
6018;141
6019;141
6020;141
6021;141
6022;141
6023;141
6024;141
6025;141
6026;141
6027;141
6028;141
6029;141
6030;141
6031;141
6032;141
6033;141
6034;141
6035;141
6036;141
6037;141
6038;141
6039;141
6040;141
6041;141
6042;141
6043;141
6044;141
6045;141
6046;141
6047;141
6048;141
6049;141
6050;141
6051;141
6052;141
6053;141
6054;141
6055;141
6056;141
6057;141
6058;141
6059;141
6060;141
6061;141
6062;141
6063;141
6064;141
6065;141
6066;141
6067;141
6068;141
6069;141
6070;141
6071;141
6072;141
6073;141
6074;141
6075;141
6076;141
6077;141
6078;141
6079;141
6080;141
6081;141
6082;141
6083;141
6084;141
6085;141
6086;141
6087;141
6088;141
6089;141
6090;141
6091;141
6092;141
6093;141
6094;141
6095;141
6096;141
6097;141
6098;141
6099;141
6100;141
6101;141
6102;141
6103;141
6104;141
6105;141
6106;141
6107;141
6108;141
6109;141
6110;141
6111;141
6112;141
6113;141
6114;141
6115;141
6116;141
6117;141
6118;141
6119;141
6120;141
6121;141
6122;141
6123;141
6124;141
6125;141
6126;141
6127;141
6128;141
6129;141
6130;141
6131;141
6132;141
6133;141
6134;141
6135;141
6136;141
6137;141
6138;141
6139;141
6140;141
6141;141
6142;141
6143;141
6144;141
6145;141
6146;141
6147;141
6148;141
6149;141
6150;141
6151;141
6152;141
6153;141
6154;141
6155;141
6156;141
6157;141
6158;141
6159;141
6160;141
6161;141
6162;141
6163;141
6164;141
6165;141
6166;141
6167;141
6168;141
6169;141
6170;141
6171;141
6172;141
6173;141
6174;141
6175;141
6176;141
6177;141
6178;141
6179;141
6180;141
6181;141
6182;141
6183;141
6184;141
6185;141
6186;141
6187;141
6188;141
6189;141
6190;141
6191;141
6192;141
6193;141
6194;141
6195;141
6196;141
6197;141
6198;141
6199;141
6200;141
6201;141
6202;141
6203;141
6204;141
6205;141
6206;141
6207;141
6208;141
6209;141
6210;141
6211;141
6212;141
6213;141
6214;141
6215;141
6216;141
6217;141
6218;141
6219;141
6220;141
6221;141
6222;141
6223;141
6224;141
6225;141
6226;141
6227;141
6228;141
6229;141
6230;141
6231;141
6232;141
6233;141
6234;141
6235;141
6236;141
6237;141
6238;141
6239;141
6240;141
6241;141
6242;141
6243;141
6244;141
6245;141
6246;141
6247;141
6248;141
6249;141
6250;141
6251;141
6252;141
6253;141
6254;141
6255;141
6256;141
6257;141
6258;141
6259;141
6260;141
6261;141
6262;141
6263;141
6264;141
6265;141
6266;141
6267;141
6268;141
6269;141
6270;141
6271;141
6272;141
6273;141
6274;141
6275;141
6276;141
6277;141
6278;141
6279;141
6280;141
6281;141
6282;141
6283;141
6284;141
6285;141
6286;141
6287;141
6288;141
6289;141
6290;141
6291;141
6292;141
6293;141
6294;141
6295;141
6296;141
6297;141
6298;141
6299;141
6300;141
6301;141
6302;141
6303;141
6304;141
6305;141
6306;141
6307;141
6308;141
6309;141
6310;141
6311;141
6312;141
6313;141
6314;141
6315;141
6316;141
6317;141
6318;141
6319;141
6320;141
6321;141
6322;141
6323;141
6324;141
6325;141
6326;141
6327;141
6328;141
6329;141
6330;141
6331;141
6332;141
6333;141
6334;141
6335;141
6336;141
6337;141
6338;141
6339;141
6340;141
6341;141
6342;141
6343;141
6344;141
6345;141
6346;141
6347;141
6348;141
6349;141
6350;141
6351;141
6352;141
6353;141
6354;141
6355;141
6356;141
6357;141
6358;141
6359;141
6360;141
6361;141
6362;141
6363;141
6364;141
6365;141
6366;141
6367;141
6368;141
6369;141
6370;141
6371;141
6372;141
6373;141
6374;141
6375;141
6376;141
6377;141
6378;141
6379;141
6380;141
6381;141
6382;141
6383;141
6384;141
6385;141
6386;141
6387;141
6388;141
6389;141
6390;141
6391;141
6392;141
6393;141
6394;141
6395;141
6396;141
6397;141
6398;141
6399;141
6400;141
6401;141
6402;141
6403;141
6404;141
6405;141
6406;141
6407;141
6408;141
6409;141
6410;141
6411;141
6412;141
6413;141
6414;141
6415;141
6416;141
6417;141
6418;141
6419;141
6420;141
6421;141
6422;141
6423;141
6424;141
6425;141
6426;141
6427;141
6428;141
6429;141
6430;141
6431;141
6432;141
6433;141
6434;141
6435;141
6436;141
6437;141
6438;141
6439;141
6440;141
6441;141
6442;141
6443;141
6444;141
6445;141
6446;141
6447;141
6448;141
6449;141
6450;141
6451;141
6452;141
6453;141
6454;141
6455;141
6456;141
6457;141
6458;141
6459;141
6460;141
6461;141
6462;141
6463;141
6464;141
6465;141
6466;141
6467;141
6468;141
6469;141
6470;141
6471;141
6472;141
6473;141
6474;141
6475;141
6476;141
6477;141
6478;141
6479;141
6480;141
6481;141
6482;141
6483;141
6484;141
6485;141
6486;141
6487;141
6488;141
6489;141
6490;141
6491;141
6492;141
6493;141
6494;141
6495;141
6496;141
6497;141
6498;141
6499;141
6500;141
6501;141
6502;141
6503;141
6504;141
6505;141
6506;141
6507;141
6508;141
6509;141
6510;141
6511;141
6512;141
6513;141
6514;141
6515;141
6516;141
6517;141
6518;141
6519;141
6520;141
6521;141
6522;141
6523;141
6524;141
6525;141
6526;141
6527;141
6528;141
6529;141
6530;141
6531;141
6532;141
6533;141
6534;141
6535;141
6536;141
6537;141
6538;141
6539;141
6540;141
6541;141
6542;141
6543;141
6544;141
6545;141
6546;141
6547;141
6548;141
6549;141
6550;141
6551;141
6552;141
6553;141
6554;141
6555;141
6556;141
6557;141
6558;141
6559;141
6560;141
6561;141
6562;141
6563;141
6564;141
6565;141
6566;141
6567;141
6568;141
6569;141
6570;141
6571;141
6572;141
6573;141
6574;141
6575;141
6576;141
6577;141
6578;141
6579;141
6580;141
6581;141
6582;141
6583;141
6584;141
6585;141
6586;141
6587;141
6588;141
6589;141
6590;141
6591;141
6592;141
6593;141
6594;141
6595;141
6596;141
6597;141
6598;141
6599;141
6600;141
6601;141
6602;141
6603;141
6604;141
6605;141
6606;141
6607;141
6608;141
6609;141
6610;141
6611;141
6612;141
6613;141
6614;141
6615;141
6616;141
6617;141
6618;141
6619;141
6620;141
6621;141
6622;141
6623;141
6624;141
6625;141
6626;141
6627;141
6628;141
6629;141
6630;141
6631;141
6632;141
6633;141
6634;141
6635;141
6636;141
6637;141
6638;141
6639;141
6640;141
6641;141
6642;141
6643;141
6644;141
6645;141
6646;141
6647;141
6648;141
6649;141
6650;141
6651;141
6652;141
6653;141
6654;141
6655;141
6656;141
6657;141
6658;141
6659;141
6660;141
6661;141
6662;141
6663;141
6664;141
6665;141
6666;141
6667;141
6668;141
6669;141
6670;141
6671;141
6672;141
6673;141
6674;141
6675;141
6676;141
6677;141
6678;141
6679;141
6680;141
6681;141
6682;141
6683;141
6684;141
6685;141
6686;141
6687;141
6688;141
6689;141
6690;141
6691;141
6692;141
6693;141
6694;141
6695;141
6696;141
6697;141
6698;141
6699;141
6700;141
6701;141
6702;141
6703;141
6704;141
6705;141
6706;141
6707;141
6708;141
6709;141
6710;141
6711;141
6712;141
6713;141
6714;141
6715;141
6716;141
6717;141
6718;141
6719;141
6720;141
6721;141
6722;141
6723;141
6724;141
6725;141
6726;141
6727;141
6728;141
6729;141
6730;141
6731;141
6732;141
6733;141
6734;141
6735;141
6736;141
6737;141
6738;141
6739;141
6740;141
6741;141
6742;141
6743;141
6744;141
6745;141
6746;141
6747;141
6748;141
6749;141
6750;141
6751;141
6752;141
6753;141
6754;141
6755;141
6756;141
6757;141
6758;141
6759;141
6760;141
6761;141
6762;141
6763;141
6764;141
6765;141
6766;141
6767;141
6768;141
6769;141
6770;141
6771;141
6772;141
6773;141
6774;141
6775;141
6776;141
6777;141
6778;141
6779;141
6780;141
6781;141
6782;141
6783;141
6784;141
6785;141
6786;141
6787;141
6788;141
6789;141
6790;141
6791;141
6792;141
6793;141
6794;141
6795;141
6796;141
6797;141
6798;141
6799;141
6800;141
6801;141
6802;141
6803;141
6804;141
6805;141
6806;141
6807;141
6808;141
6809;141
6810;141
6811;141
6812;141
6813;141
6814;141
6815;141
6816;141
6817;141
6818;141
6819;141
6820;141
6821;141
6822;141
6823;141
6824;141
6825;141
6826;141
6827;141
6828;141
6829;141
6830;141
6831;141
6832;141
6833;141
6834;141
6835;141
6836;141
6837;141
6838;141
6839;141
6840;141
6841;141
6842;141
6843;141
6844;141
6845;141
6846;141
6847;141
6848;141
6849;141
6850;141
6851;141
6852;141
6853;141
6854;141
6855;141
6856;141
6857;141
6858;141
6859;141
6860;141
6861;141
6862;141
6863;141
6864;141
6865;141
6866;141
6867;141
6868;141
6869;141
6870;141
6871;141
6872;141
6873;141
6874;141
6875;141
6876;141
6877;141
6878;141
6879;141
6880;141
6881;141
6882;141
6883;141
6884;141
6885;141
6886;141
6887;141
6888;141
6889;141
6890;141
6891;141
6892;141
6893;141
6894;141
6895;141
6896;141
6897;141
6898;141
6899;141
6900;141
6901;141
6902;141
6903;141
6904;141
6905;141
6906;141
6907;141
6908;141
6909;141
6910;141
6911;141
6912;141
6913;141
6914;141
6915;141
6916;141
6917;141
6918;141
6919;141
6920;141
6921;141
6922;141
6923;141
6924;141
6925;141
6926;141
6927;141
6928;141
6929;141
6930;141
6931;141
6932;141
6933;141
6934;141
6935;141
6936;141
6937;141
6938;141
6939;141
6940;141
6941;141
6942;141
6943;141
6944;141
6945;141
6946;141
6947;141
6948;141
6949;141
6950;141
6951;141
6952;141
6953;141
6954;141
6955;141
6956;141
6957;141
6958;141
6959;141
6960;141
6961;141
6962;141
6963;141
6964;141
6965;141
6966;141
6967;141
6968;141
6969;141
6970;141
6971;141
6972;141
6973;141
6974;141
6975;141
6976;141
6977;141
6978;141
6979;141
6980;141
6981;141
6982;141
6983;141
6984;141
6985;141
6986;141
6987;141
6988;141
6989;141
6990;141
6991;141
6992;141
6993;141
6994;141
6995;141
6996;141
6997;141
6998;141
6999;141
7000;141
7001;141
7002;141
7003;141
7004;141
7005;141
7006;141
7007;141
7008;141
7009;141
7010;141
7011;141
7012;141
7013;141
7014;141
7015;141
7016;141
7017;141
7018;141
7019;141
7020;141
7021;141
7022;141
7023;141
7024;141
7025;141
7026;141
7027;141
7028;141
7029;141
7030;141
7031;141
7032;141
7033;141
7034;141
7035;141
7036;141
7037;141
7038;141
7039;141
7040;141
7041;141
7042;141
7043;141
7044;141
7045;141
7046;141
7047;141
7048;141
7049;141
7050;141
7051;141
7052;141
7053;141
7054;141
7055;141
7056;141
7057;141
7058;141
7059;141
7060;141
7061;141
7062;141
7063;141
7064;141
7065;141
7066;141
7067;141
7068;141
7069;141
7070;141
7071;141
7072;141
7073;141
7074;141
7075;141
7076;141
7077;141
7078;141
7079;141
7080;141
7081;141
7082;141
7083;141
7084;141
7085;141
7086;141
7087;141
7088;141
7089;141
7090;141
7091;141
7092;141
7093;141
7094;141
7095;141
7096;141
7097;141
7098;141
7099;141
7100;141
7101;141
7102;141
7103;141
7104;141
7105;141
7106;141
7107;141
7108;141
7109;141
7110;141
7111;141
7112;141
7113;141
7114;141
7115;141
7116;141
7117;141
7118;141
7119;141
7120;141
7121;141
7122;141
7123;141
7124;141
7125;141
7126;141
7127;141
7128;141
7129;141
7130;141
7131;141
7132;141
7133;141
7134;141
7135;141
7136;141
7137;141
7138;141
7139;141
7140;141
7141;141
7142;141
7143;141
7144;141
7145;141
7146;141
7147;141
7148;141
7149;141
7150;141
7151;141
7152;141
7153;141
7154;141
7155;141
7156;141
7157;141
7158;141
7159;141
7160;141
7161;141
7162;141
7163;141
7164;141
7165;141
7166;141
7167;141
7168;141
7169;141
7170;141
7171;141
7172;141
7173;141
7174;141
7175;141
7176;141
7177;141
7178;141
7179;141
7180;141
7181;141
7182;141
7183;141
7184;141
7185;141
7186;141
7187;141
7188;141
7189;141
7190;141
7191;141
7192;141
7193;141
7194;141
7195;141
7196;141
7197;141
7198;141
7199;141
7200;141
7201;141
7202;141
7203;141
7204;141
7205;141
7206;141
7207;141
7208;141
7209;141
7210;141
7211;141
7212;141
7213;141
7214;141
7215;141
7216;141
7217;141
7218;141
7219;141
7220;141
7221;141
7222;141
7223;141
7224;141
7225;141
7226;141
7227;141
7228;141
7229;141
7230;141
7231;141
7232;141
7233;141
7234;141
7235;141
7236;141
7237;141
7238;141
7239;141
7240;141
7241;141
7242;141
7243;141
7244;141
7245;141
7246;141
7247;141
7248;141
7249;141
7250;141
7251;141
7252;141
7253;141
7254;141
7255;141
7256;141
7257;141
7258;141
7259;141
7260;141
7261;141
7262;141
7263;141
7264;141
7265;141
7266;141
7267;141
7268;141
7269;141
7270;141
7271;141
7272;141
7273;141
7274;141
7275;141
7276;141
7277;141
7278;141
7279;141
7280;141
7281;141
7282;141
7283;141
7284;141
7285;141
7286;141
7287;141
7288;141
7289;141
7290;141
7291;141
7292;141
7293;141
7294;141
7295;141
7296;141
7297;141
7298;141
7299;141
7300;141
7301;141
7302;141
7303;141
7304;141
7305;141
7306;141
7307;141
7308;141
7309;141
7310;141
7311;141
7312;141
7313;141
7314;141
7315;141
7316;141
7317;141
7318;141
7319;141
7320;141
7321;141
7322;141
7323;141
7324;141
7325;141
7326;141
7327;141
7328;141
7329;141
7330;141
7331;141
7332;141
7333;141
7334;141
7335;141
7336;141
7337;141
7338;141
7339;141
7340;141
7341;141
7342;141
7343;141
7344;141
7345;141
7346;141
7347;141
7348;141
7349;141
7350;141
7351;141
7352;141
7353;141
7354;141
7355;141
7356;141
7357;141
7358;141
7359;141
7360;141
7361;141
7362;141
7363;141
7364;141
7365;141
7366;141
7367;141
7368;141
7369;141
7370;141
7371;141
7372;141
7373;141
7374;141
7375;141
7376;141
7377;141
7378;141
7379;141
7380;141
7381;141
7382;141
7383;141
7384;141
7385;141
7386;141
7387;141
7388;141
7389;141
7390;141
7391;141
7392;141
7393;141
7394;141
7395;141
7396;141
7397;141
7398;141
7399;141
7400;141
7401;141
7402;141
7403;141
7404;141
7405;141
7406;141
7407;141
7408;141
7409;141
7410;141
7411;141
7412;141
7413;141
7414;141
7415;141
7416;141
7417;141
7418;141
7419;141
7420;141
7421;141
7422;141
7423;141
7424;141
7425;141
7426;141
7427;141
7428;141
7429;141
7430;141
7431;141
7432;141
7433;141
7434;141
7435;141
7436;141
7437;141
7438;141
7439;141
7440;141
7441;141
7442;141
7443;141
7444;141
7445;141
7446;141
7447;141
7448;141
7449;141
7450;141
7451;141
7452;141
7453;141
7454;141
7455;141
7456;141
7457;141
7458;141
7459;141
7460;141
7461;141
7462;141
7463;141
7464;141
7465;141
7466;141
7467;141
7468;141
7469;141
7470;141
7471;141
7472;141
7473;141
7474;141
7475;141
7476;141
7477;141
7478;141
7479;141
7480;141
7481;141
7482;141
7483;141
7484;141
7485;141
7486;141
7487;141
7488;141
7489;141
7490;141
7491;141
7492;141
7493;141
7494;141
7495;141
7496;141
7497;141
7498;141
7499;141
7500;141
7501;141
7502;141
7503;141
7504;141
7505;141
7506;141
7507;141
7508;141
7509;141
7510;141
7511;141
7512;141
7513;141
7514;141
7515;141
7516;141
7517;141
7518;141
7519;141
7520;141
7521;141
7522;141
7523;141
7524;141
7525;141
7526;141
7527;141
7528;141
7529;141
7530;141
7531;141
7532;141
7533;141
7534;141
7535;141
7536;141
7537;141
7538;141
7539;141
7540;141
7541;141
7542;141
7543;141
7544;141
7545;141
7546;141
7547;141
7548;141
7549;141
7550;141
7551;141
7552;141
7553;141
7554;141
7555;141
7556;141
7557;141
7558;141
7559;141
7560;141
7561;141
7562;141
7563;141
7564;141
7565;141
7566;141
7567;141
7568;141
7569;141
7570;141
7571;141
7572;141
7573;141
7574;141
7575;141
7576;141
7577;141
7578;141
7579;141
7580;141
7581;141
7582;141
7583;141
7584;141
7585;141
7586;141
7587;141
7588;141
7589;141
7590;141
7591;141
7592;141
7593;141
7594;141
7595;141
7596;141
7597;141
7598;141
7599;141
7600;141
7601;141
7602;141
7603;141
7604;141
7605;141
7606;141
7607;141
7608;141
7609;141
7610;141
7611;141
7612;141
7613;141
7614;141
7615;141
7616;141
7617;141
7618;141
7619;141
7620;141
7621;141
7622;141
7623;141
7624;141
7625;141
7626;141
7627;141
7628;141
7629;141
7630;141
7631;141
7632;141
7633;141
7634;141
7635;141
7636;141
7637;141
7638;141
7639;141
7640;141
7641;141
7642;141
7643;141
7644;141
7645;141
7646;141
7647;141
7648;141
7649;141
7650;141
7651;141
7652;141
7653;141
7654;141
7655;141
7656;141
7657;141
7658;141
7659;141
7660;141
7661;141
7662;141
7663;141
7664;141
7665;141
7666;141
7667;141
7668;141
7669;141
7670;141
7671;141
7672;141
7673;141
7674;141
7675;141
7676;141
7677;141
7678;141
7679;141
7680;141
7681;141
7682;141
7683;141
7684;141
7685;141
7686;141
7687;141
7688;141
7689;141
7690;141
7691;141
7692;141
7693;141
7694;141
7695;141
7696;141
7697;141
7698;141
7699;141
7700;141
7701;141
7702;141
7703;141
7704;141
7705;141
7706;141
7707;141
7708;141
7709;141
7710;141
7711;141
7712;141
7713;141
7714;141
7715;141
7716;141
7717;141
7718;141
7719;141
7720;141
7721;141
7722;141
7723;141
7724;141
7725;141
7726;141
7727;141
7728;141
7729;141
7730;141
7731;141
7732;141
7733;141
7734;141
7735;141
7736;141
7737;141
7738;141
7739;141
7740;141
7741;141
7742;141
7743;141
7744;141
7745;141
7746;141
7747;141
7748;141
7749;141
7750;141
7751;141
7752;141
7753;141
7754;141
7755;141
7756;141
7757;141
7758;141
7759;141
7760;141
7761;141
7762;141
7763;141
7764;141
7765;141
7766;141
7767;141
7768;141
7769;141
7770;141
7771;141
7772;141
7773;141
7774;141
7775;141
7776;141
7777;141
7778;141
7779;141
7780;141
7781;141
7782;141
7783;141
7784;141
7785;141
7786;141
7787;141
7788;141
7789;141
7790;141
7791;141
7792;141
7793;141
7794;141
7795;141
7796;141
7797;141
7798;141
7799;141
7800;141
7801;141
7802;141
7803;141
7804;141
7805;141
7806;141
7807;141
7808;141
7809;141
7810;141
7811;141
7812;141
7813;141
7814;141
7815;141
7816;141
7817;141
7818;141
7819;141
7820;141
7821;141
7822;141
7823;141
7824;141
7825;141
7826;141
7827;141
7828;141
7829;141
7830;141
7831;141
7832;141
7833;141
7834;141
7835;141
7836;141
7837;141
7838;141
7839;141
7840;141
7841;141
7842;141
7843;141
7844;141
7845;141
7846;141
7847;141
7848;141
7849;141
7850;141
7851;141
7852;141
7853;141
7854;141
7855;141
7856;141
7857;141
7858;141
7859;141
7860;141
7861;141
7862;141
7863;141
7864;141
7865;141
7866;141
7867;141
7868;141
7869;141
7870;141
7871;141
7872;141
7873;141
7874;141
7875;141
7876;141
7877;141
7878;141
7879;141
7880;141
7881;141
7882;141
7883;141
7884;141
7885;141
7886;141
7887;141
7888;141
7889;141
7890;141
7891;141
7892;141
7893;141
7894;141
7895;141
7896;141
7897;141
7898;141
7899;141
7900;141
7901;141
7902;141
7903;141
7904;141
7905;141
7906;141
7907;141
7908;141
7909;141
7910;141
7911;141
7912;141
7913;141
7914;141
7915;141
7916;141
7917;141
7918;141
7919;141
7920;141
7921;141
7922;141
7923;141
7924;141
7925;141
7926;141
7927;141
7928;141
7929;141
7930;141
7931;141
7932;141
7933;141
7934;141
7935;141
7936;141
7937;141
7938;141
7939;141
7940;141
7941;141
7942;141
7943;141
7944;141
7945;141
7946;141
7947;141
7948;141
7949;141
7950;141
7951;141
7952;141
7953;141
7954;141
7955;141
7956;141
7957;141
7958;141
7959;141
7960;141
7961;141
7962;141
7963;141
7964;141
7965;141
7966;141
7967;141
7968;141
7969;141
7970;141
7971;141
7972;141
7973;141
7974;141
7975;141
7976;141
7977;141
7978;141
7979;141
7980;141
7981;141
7982;141
7983;141
7984;141
7985;141
7986;141
7987;141
7988;141
7989;141
7990;141
7991;141
7992;141
7993;141
7994;141
7995;141
7996;141
7997;141
7998;141
7999;141
8000;141
8001;141
8002;141
8003;141
8004;141
8005;141
8006;141
8007;141
8008;141
8009;141
8010;141
8011;141
8012;141
8013;141
8014;141
8015;141
8016;141
8017;141
8018;141
8019;141
8020;141
8021;141
8022;141
8023;141
8024;141
8025;141
8026;141
8027;141
8028;141
8029;141
8030;141
8031;141
8032;141
8033;141
8034;141
8035;141
8036;141
8037;141
8038;141
8039;141
8040;141
8041;141
8042;141
8043;141
8044;141
8045;141
8046;141
8047;141
8048;141
8049;141
8050;141
8051;141
8052;141
8053;141
8054;141
8055;141
8056;141
8057;141
8058;141
8059;141
8060;141
8061;141
8062;141
8063;141
8064;141
8065;141
8066;141
8067;141
8068;141
8069;141
8070;141
8071;141
8072;141
8073;141
8074;141
8075;141
8076;141
8077;141
8078;141
8079;141
8080;141
8081;141
8082;141
8083;141
8084;141
8085;141
8086;141
8087;141
8088;141
8089;141
8090;141
8091;141
8092;141
8093;141
8094;141
8095;141
8096;141
8097;141
8098;141
8099;141
8100;141
8101;141
8102;141
8103;141
8104;141
8105;141
8106;141
8107;141
8108;141
8109;141
8110;141
8111;141
8112;141
8113;141
8114;141
8115;141
8116;141
8117;141
8118;141
8119;141
8120;141
8121;141
8122;141
8123;141
8124;141
8125;141
8126;141
8127;141
8128;141
8129;141
8130;141
8131;141
8132;141
8133;141
8134;141
8135;141
8136;141
8137;141
8138;141
8139;141
8140;141
8141;141
8142;141
8143;141
8144;141
8145;141
8146;141
8147;141
8148;141
8149;141
8150;141
8151;141
8152;141
8153;141
8154;141
8155;141
8156;141
8157;141
8158;141
8159;141
8160;141
8161;141
8162;141
8163;141
8164;141
8165;141
8166;141
8167;141
8168;141
8169;141
8170;141
8171;141
8172;141
8173;141
8174;141
8175;141
8176;141
8177;141
8178;141
8179;141
8180;141
8181;141
8182;141
8183;141
8184;141
8185;141
8186;141
8187;141
8188;141
8189;141
8190;141
8191;141
8192;141
8193;141
8194;141
8195;141
8196;141
8197;141
8198;141
8199;141
8200;141
8201;141
8202;141
8203;141
8204;141
8205;141
8206;141
8207;141
8208;141
8209;141
8210;141
8211;141
8212;141
8213;141
8214;141
8215;141
8216;141
8217;141
8218;141
8219;141
8220;141
8221;141
8222;141
8223;141
8224;141
8225;141
8226;141
8227;141
8228;141
8229;141
8230;141
8231;141
8232;141
8233;141
8234;141
8235;141
8236;141
8237;141
8238;141
8239;141
8240;141
8241;141
8242;141
8243;141
8244;141
8245;141
8246;141
8247;141
8248;141
8249;141
8250;141
8251;141
8252;141
8253;141
8254;141
8255;141
8256;141
8257;141
8258;141
8259;141
8260;141
8261;141
8262;141
8263;141
8264;141
8265;141
8266;141
8267;141
8268;141
8269;141
8270;141
8271;141
8272;141
8273;141
8274;141
8275;141
8276;141
8277;141
8278;141
8279;141
8280;141
8281;141
8282;141
8283;141
8284;141
8285;141
8286;141
8287;141
8288;141
8289;141
8290;141
8291;141
8292;141
8293;141
8294;141
8295;141
8296;141
8297;141
8298;141
8299;141
8300;141
8301;141
8302;141
8303;141
8304;141
8305;141
8306;141
8307;141
8308;141
8309;141
8310;141
8311;141
8312;141
8313;141
8314;141
8315;141
8316;141
8317;141
8318;141
8319;141
8320;141
8321;141
8322;141
8323;141
8324;141
8325;141
8326;141
8327;141
8328;141
8329;141
8330;141
8331;141
8332;141
8333;141
8334;141
8335;141
8336;141
8337;141
8338;141
8339;141
8340;141
8341;141
8342;141
8343;141
8344;141
8345;141
8346;141
8347;141
8348;141
8349;141
8350;141
8351;141
8352;141
8353;141
8354;141
8355;141
8356;141
8357;141
8358;141
8359;141
8360;141
8361;141
8362;141
8363;141
8364;141
8365;141
8366;141
8367;141
8368;141
8369;141
8370;141
8371;141
8372;141
8373;141
8374;141
8375;141
8376;141
8377;141
8378;141
8379;141
8380;141
8381;141
8382;141
8383;141
8384;141
8385;141
8386;141
8387;141
8388;141
8389;141
8390;141
8391;141
8392;141
8393;141
8394;141
8395;141
8396;141
8397;141
8398;141
8399;141
8400;141
8401;141
8402;141
8403;141
8404;141
8405;141
8406;141
8407;141
8408;141
8409;141
8410;141
8411;141
8412;141
8413;141
8414;141
8415;141
8416;141
8417;141
8418;141
8419;141
8420;141
8421;141
8422;141
8423;141
8424;141
8425;141
8426;141
8427;141
8428;141
8429;141
8430;141
8431;141
8432;141
8433;141
8434;141
8435;141
8436;141
8437;141
8438;141
8439;141
8440;141
8441;141
8442;141
8443;141
8444;141
8445;141
8446;141
8447;141
8448;141
8449;141
8450;141
8451;141
8452;141
8453;141
8454;141
8455;141
8456;141
8457;141
8458;141
8459;141
8460;141
8461;141
8462;141
8463;141
8464;141
8465;141
8466;141
8467;141
8468;141
8469;141
8470;141
8471;141
8472;141
8473;141
8474;141
8475;141
8476;141
8477;141
8478;141
8479;141
8480;141
8481;141
8482;141
8483;141
8484;141
8485;141
8486;141
8487;141
8488;141
8489;141
8490;141
8491;141
8492;141
8493;141
8494;141
8495;141
8496;141
8497;141
8498;141
8499;141
8500;141
8501;141
8502;141
8503;141
8504;141
8505;141
8506;141
8507;141
8508;141
8509;141
8510;141
8511;141
8512;141
8513;141
8514;141
8515;141
8516;141
8517;141
8518;141
8519;141
8520;141
8521;141
8522;141
8523;141
8524;141
8525;141
8526;141
8527;141
8528;141
8529;141
8530;141
8531;141
8532;141
8533;141
8534;141
8535;141
8536;141
8537;141
8538;141
8539;141
8540;141
8541;141
8542;141
8543;141
8544;141
8545;141
8546;141
8547;141
8548;141
8549;141
8550;141
8551;141
8552;141
8553;141
8554;141
8555;141
8556;141
8557;141
8558;141
8559;141
8560;141
8561;141
8562;141
8563;141
8564;141
8565;141
8566;141
8567;141
8568;141
8569;141
8570;141
8571;141
8572;141
8573;141
8574;141
8575;141
8576;141
8577;141
8578;141
8579;141
8580;141
8581;141
8582;141
8583;141
8584;141
8585;141
8586;141
8587;141
8588;141
8589;141
8590;141
8591;141
8592;141
8593;141
8594;141
8595;141
8596;141
8597;141
8598;141
8599;141
8600;141
8601;141
8602;141
8603;141
8604;141
8605;141
8606;141
8607;141
8608;141
8609;141
8610;141
8611;141
8612;141
8613;141
8614;141
8615;141
8616;141
8617;141
8618;141
8619;141
8620;141
8621;141
8622;141
8623;141
8624;141
8625;141
8626;141
8627;141
8628;141
8629;141
8630;141
8631;141
8632;141
8633;141
8634;141
8635;141
8636;141
8637;141
8638;141
8639;141
8640;141
8641;141
8642;141
8643;141
8644;141
8645;141
8646;141
8647;141
8648;141
8649;141
8650;141
8651;141
8652;141
8653;141
8654;141
8655;141
8656;141
8657;141
8658;141
8659;141
8660;141
8661;141
8662;141
8663;141
8664;141
8665;141
8666;141
8667;141
8668;141
8669;141
8670;141
8671;141
8672;141
8673;141
8674;141
8675;141
8676;141
8677;141
8678;141
8679;141
8680;141
8681;141
8682;141
8683;141
8684;141
8685;141
8686;141
8687;141
8688;141
8689;141
8690;141
8691;141
8692;141
8693;141
8694;141
8695;141
8696;141
8697;141
8698;141
8699;141
8700;141
8701;141
8702;141
8703;141
8704;141
8705;141
8706;141
8707;141
8708;141
8709;141
8710;141
8711;141
8712;141
8713;141
8714;141
8715;141
8716;141
8717;141
8718;141
8719;141
8720;141
8721;141
8722;141
8723;141
8724;141
8725;141
8726;141
8727;141
8728;141
8729;141
8730;141
8731;141
8732;141
8733;141
8734;141
8735;141
8736;141
8737;141
8738;141
8739;141
8740;141
8741;141
8742;141
8743;141
8744;141
8745;141
8746;141
8747;141
8748;141
8749;141
8750;141
8751;141
8752;141
8753;141
8754;141
8755;141
8756;141
8757;141
8758;141
8759;141
8760;141
8761;140
8762;140
8763;140
8764;140
8765;140
8766;140
8767;140
8768;140
8769;140
8770;140
8771;140
8772;140
8773;140
8774;140
8775;140
8776;140
8777;140
8778;140
8779;140
8780;140
8781;140
8782;140
8783;140
8784;140
8785;140
8786;140
8787;140
8788;140
8789;140
8790;140
8791;140
8792;140
8793;140
8794;140
8795;140
8796;140
8797;140
8798;140
8799;140
8800;140
